fips_code,unemployment_rate_2020,unemployment_rate_2021,unemployment_rate_2022
1001,5.300000000000001,2.8,2.3
1003,6.100000000000001,2.9,2.4
1005,7.7,5.5,4.100000000000001
1007,7.300000000000001,3.4,2.5
1009,4.5,2.4,2.2
1011,6.0,3.9,2.8
1013,9.5,5.100000000000001,3.4
1015,7.7,4.0,3.0
1017,7.4,3.6,2.6
1019,5.100000000000001,2.5,2.3
1021,5.4,2.8,2.3
1023,7.300000000000001,4.3,3.8
1025,9.8,5.800000000000001,5.0
1027,4.4,2.7,2.3
1029,5.0,2.6,2.4
1031,4.800000000000001,2.8,2.5
1033,7.2,3.9,3.0
1035,7.9,4.7,3.5
1037,6.0,3.0,2.5
1039,5.4,3.0,2.6
1041,6.2,3.3,2.6
1043,4.7,2.3,2.1
1045,5.300000000000001,3.1,2.6
1047,11.6,7.100000000000001,5.0
1049,4.9,2.5,2.3
1051,5.300000000000001,2.7,2.2
1053,6.7,4.0,3.1
1055,8.4,4.0,3.0
1057,5.5,3.1,2.7
1059,4.9,2.5,2.3
1061,4.5,2.8,2.4
1063,11.7,6.5,4.4
1065,10.2,5.5,3.9
1067,5.300000000000001,3.2,2.7
1069,5.9,3.3,2.6
1071,5.800000000000001,2.8,2.5
1073,6.800000000000001,3.5,2.6
1075,5.300000000000001,3.0,2.7
1077,6.100000000000001,3.1,2.6
1079,5.4,2.9,2.4
1081,5.7,2.8,2.4
1083,4.7,2.4,2.1
1085,14.4,8.700000000000001,5.2
1087,10.4,5.800000000000001,3.8
1089,5.100000000000001,2.6,2.1
1091,6.800000000000001,4.2,3.4
1093,5.5,2.8,2.5
1095,4.600000000000001,2.4,2.1
1097,8.6,4.600000000000001,3.2
1099,8.8,5.5,4.100000000000001
1101,8.5,4.7,3.1
1103,4.9,2.6,2.1
1105,11.8,7.9,5.300000000000001
1107,7.2,4.0,3.3
1109,5.4,3.2,2.7
1111,5.2,2.7,2.5
1113,5.7,3.0,2.6
1115,5.300000000000001,2.6,2.2
1117,4.2,2.1,1.8
1119,7.600000000000001,4.4,3.5
1121,7.7,4.100000000000001,3.1
1123,7.5,4.0,2.9
1125,7.2,3.5,2.5
1127,6.4,3.6,2.8
1129,8.700000000000001,4.600000000000001,3.6
1131,15.9,10.5,7.800000000000001
1133,5.100000000000001,2.7,2.4
2013,4.100000000000001,2.5,2.0
2016,4.7,3.8,3.1
2020,7.9,5.9,3.3
2050,12.3,13.1,8.8
2060,7.9,5.600000000000001,4.3
2063,8.700000000000001,2.5,2.9
2066,10.8,3.3,9.3
2068,17.4,10.5,6.300000000000001
2070,8.8,8.3,5.600000000000001
2090,6.7,5.2,3.7
2100,16.4,11.2,6.600000000000001
2105,14.1,9.3,5.600000000000001
2110,7.0,4.800000000000001,2.8
2122,9.600000000000001,7.300000000000001,4.5
2130,10.2,7.4,3.8
2150,6.7,6.600000000000001,4.3
2158,20.8,19.5,12.9
2164,11.4,8.700000000000001,5.800000000000001
2170,8.8,6.9,4.600000000000001
2180,11.1,9.700000000000001,6.9
2185,6.2,6.5,5.0
2188,12.7,11.5,9.0
2195,9.1,7.0,5.800000000000001
2198,9.8,8.200000000000001,5.5
2220,7.300000000000001,4.600000000000001,2.8
2230,21.6,13.6,6.7
2240,7.800000000000001,6.600000000000001,5.2
2275,9.200000000000001,7.5,5.100000000000001
2282,8.6,7.100000000000001,5.100000000000001
2290,12.7,12.3,7.9
4001,12.7,9.200000000000001,7.7
4003,6.9,5.100000000000001,4.4
4005,9.600000000000001,6.2,4.3
4007,7.600000000000001,5.2,4.2
4009,6.2,4.3,3.6
4011,5.300000000000001,4.100000000000001,2.9
4012,7.100000000000001,5.300000000000001,4.7
4013,7.300000000000001,4.600000000000001,3.3
4015,9.9,5.7,4.5
4017,10.0,6.600000000000001,5.2
4019,7.600000000000001,5.100000000000001,3.8
4021,7.4,4.9,3.9
4023,11.3,8.8,7.5
4025,7.4,4.3,3.5
4027,17.1,13.1,12.5
5001,4.100000000000001,3.4,3.3
5003,9.5,7.300000000000001,5.5
5005,6.100000000000001,3.8,3.6
5007,4.5,2.8,2.4
5009,5.4,3.0,2.9
5011,6.0,4.800000000000001,5.0
5013,5.300000000000001,3.4,3.1
5015,5.800000000000001,3.5,2.9
5017,10.7,8.5,6.2
5019,6.100000000000001,4.800000000000001,4.5
5021,6.2,4.0,4.0
5023,7.800000000000001,4.7,4.2
5025,6.2,4.100000000000001,3.9
5027,7.0,5.4,4.4
5029,6.2,4.2,3.7
5031,5.4,3.3,2.8
5033,5.5,3.6,3.2
5035,8.5,5.5,4.0
5037,6.2,4.4,3.7
5039,5.5,4.2,4.0
5041,7.2,6.0,5.300000000000001
5043,7.100000000000001,5.100000000000001,4.4
5045,5.600000000000001,3.5,2.9
5047,5.800000000000001,3.8,3.3
5049,5.300000000000001,3.7,3.4
5051,8.1,4.9,3.8
5053,5.300000000000001,3.3,3.1
5055,6.100000000000001,3.5,3.3
5057,5.300000000000001,3.6,3.3
5059,5.9,3.9,3.5
5061,5.100000000000001,3.3,3.3
5063,5.9,3.9,3.4
5065,8.6,5.5,5.2
5067,7.4,5.300000000000001,5.0
5069,8.200000000000001,6.5,5.2
5071,6.5,4.800000000000001,4.100000000000001
5073,7.800000000000001,5.800000000000001,4.800000000000001
5075,6.300000000000001,4.3,3.6
5077,7.800000000000001,5.7,4.600000000000001
5079,6.100000000000001,4.600000000000001,4.5
5081,6.7,4.600000000000001,3.9
5083,6.800000000000001,4.3,3.8
5085,5.7,3.4,2.8
5087,4.0,3.1,2.5
5089,6.600000000000001,4.3,3.7
5091,7.100000000000001,4.9,3.9
5093,9.3,7.100000000000001,5.2
5095,6.800000000000001,5.4,4.4
5097,7.100000000000001,5.0,4.800000000000001
5099,6.0,4.100000000000001,3.9
5101,5.2,3.1,3.0
5103,6.2,4.0,3.9
5105,5.7,4.2,3.6
5107,9.4,7.7,6.300000000000001
5109,6.0,4.5,3.7
5111,5.7,3.9,3.4
5113,6.800000000000001,4.5,3.7
5115,6.0,4.100000000000001,3.9
5117,5.5,3.7,3.0
5119,7.600000000000001,4.9,3.5
5121,6.100000000000001,4.0,3.4
5123,8.1,6.2,4.9
5125,5.100000000000001,3.2,2.8
5127,4.600000000000001,3.4,2.8
5129,6.5,4.4,4.5
5131,6.100000000000001,3.8,3.1
5133,6.0,4.5,3.9
5135,7.300000000000001,5.0,4.100000000000001
5137,7.2,5.100000000000001,4.2
5139,8.5,6.100000000000001,4.800000000000001
5141,7.300000000000001,4.9,4.3
5143,4.7,2.9,2.3
5145,6.4,4.100000000000001,3.5
5147,5.9,5.100000000000001,3.5
5149,5.2,4.100000000000001,3.8
6001,8.9,6.100000000000001,3.3
6003,11.7,8.200000000000001,5.4
6005,9.4,7.0,4.4
6007,9.4,6.9,4.5
6009,7.800000000000001,5.800000000000001,3.6
6011,16.4,12.5,11.6
6013,9.0,6.4,3.5
6015,9.700000000000001,7.600000000000001,5.100000000000001
6017,8.5,5.800000000000001,3.4
6019,11.7,9.1,6.4
6021,9.0,7.0,5.300000000000001
6023,8.5,6.300000000000001,4.0
6025,22.6,17.5,14.7
6027,8.0,6.0,3.7
6029,12.8,9.9,6.9
6031,11.9,9.700000000000001,7.0
6033,9.8,7.600000000000001,5.0
6035,7.4,6.100000000000001,4.5
6037,12.3,8.9,4.9
6039,11.1,8.8,6.100000000000001
6041,6.800000000000001,4.5,2.7
6043,11.1,7.9,4.5
6045,9.1,6.300000000000001,4.100000000000001
6047,12.5,10.3,7.7
6049,8.8,7.2,5.5
6051,12.1,6.800000000000001,3.7
6053,11.1,8.3,5.9
6055,8.9,6.100000000000001,3.2
6057,8.1,5.7,3.4
6059,8.9,6.0,3.2
6061,7.5,5.100000000000001,3.1
6063,11.0,9.4,6.5
6065,10.1,7.300000000000001,4.2
6067,9.5,6.9,3.9
6069,9.9,7.300000000000001,5.0
6071,9.600000000000001,7.4,4.100000000000001
6073,9.4,6.5,3.4
6075,7.9,5.100000000000001,2.5
6077,11.5,8.6,5.2
6079,7.800000000000001,5.300000000000001,3.0
6081,6.9,4.600000000000001,2.4
6083,8.1,5.800000000000001,3.5
6085,7.100000000000001,4.800000000000001,2.6
6087,9.700000000000001,6.9,4.800000000000001
6089,8.9,6.9,4.600000000000001
6091,8.3,6.100000000000001,4.2
6093,10.0,8.1,5.7
6095,9.8,7.4,4.2
6097,8.0,5.5,3.1
6099,11.0,8.3,5.4
6101,11.4,8.9,6.600000000000001
6103,9.1,7.2,4.800000000000001
6105,8.200000000000001,6.300000000000001,4.600000000000001
6107,13.5,10.6,8.200000000000001
6109,10.6,7.300000000000001,4.5
6111,8.700000000000001,6.2,3.7
6113,7.800000000000001,5.9,4.0
6115,10.7,8.4,5.5
8001,7.5,6.2,3.4
8003,5.9,6.0,3.6
8005,7.300000000000001,5.800000000000001,3.1
8007,7.0,5.300000000000001,3.2
8009,2.2,2.3,1.7
8011,4.0,6.600000000000001,3.6
8013,5.7,4.4,2.5
8014,6.100000000000001,4.600000000000001,2.6
8015,5.9,4.4,2.7
8017,2.2,2.4,1.9
8019,8.1,5.5,2.9
8021,5.2,5.100000000000001,3.2
8023,6.800000000000001,6.4,4.100000000000001
8025,5.100000000000001,5.600000000000001,3.8
8027,4.600000000000001,4.3,2.9
8029,6.100000000000001,5.7,3.6
8031,7.600000000000001,5.9,3.1
8033,6.300000000000001,5.0,3.0
8035,5.300000000000001,4.100000000000001,2.5
8037,8.9,4.800000000000001,2.6
8039,4.3,3.9,2.4
8041,6.7,5.7,3.3
8043,7.2,7.5,4.7
8045,6.300000000000001,5.100000000000001,3.0
8047,10.8,6.100000000000001,2.7
8049,7.9,4.600000000000001,2.7
8051,6.2,4.0,2.5
8053,3.8,3.8,2.5
8055,8.8,8.6,6.100000000000001
8057,3.9,3.6,2.1
8059,6.600000000000001,5.100000000000001,2.8
8061,2.2,3.5,1.8
8063,2.6,3.2,1.9
8065,7.600000000000001,4.800000000000001,2.6
8067,6.4,5.5,3.0
8069,5.9,4.7,2.7
8071,6.9,7.0,4.600000000000001
8073,4.100000000000001,4.5,2.9
8075,4.3,4.7,2.8
8077,6.9,5.800000000000001,3.4
8079,5.600000000000001,5.4,2.8
8081,5.600000000000001,5.100000000000001,3.2
8083,6.7,6.0,3.8
8085,6.2,5.4,3.4
8087,5.0,5.300000000000001,3.2
8089,5.7,6.600000000000001,4.2
8091,7.5,4.9,3.1
8093,5.4,4.2,2.6
8095,2.5,3.1,2.1
8097,9.8,5.9,3.3
8099,4.100000000000001,4.9,2.8
8101,7.600000000000001,8.0,4.4
8103,5.100000000000001,5.9,3.7
8105,6.7,6.9,4.2
8107,7.4,4.600000000000001,2.5
8109,6.600000000000001,6.2,3.4
8111,6.2,3.9,2.6
8113,10.2,5.5,3.1
8115,3.3,4.0,2.6
8117,9.200000000000001,4.3,2.2
8119,7.0,5.0,3.0
8121,2.9,3.4,2.3
8123,6.5,5.800000000000001,3.2
8125,2.6,3.0,2.0
10001,8.3,6.4,5.2
10003,7.4,5.5,4.4
10005,7.2,5.0,4.4
11001,7.9,6.800000000000001,4.7
12001,5.7,3.8,2.8
12003,5.300000000000001,3.8,2.8
12005,6.300000000000001,4.0,2.7
12007,6.300000000000001,4.3,3.1
12009,7.0,4.100000000000001,2.8
12011,9.3,4.9,2.9
12013,5.4,4.600000000000001,3.3
12015,7.7,4.5,3.4
12017,8.9,5.800000000000001,4.100000000000001
12019,5.600000000000001,3.6,2.6
12021,7.300000000000001,3.7,2.8
12023,6.300000000000001,4.600000000000001,3.2
12027,5.4,4.2,3.3
12029,5.800000000000001,4.5,3.3
12031,7.2,4.5,3.0
12033,7.100000000000001,4.600000000000001,3.0
12035,7.9,4.7,3.4
12037,5.7,3.9,2.8
12039,7.300000000000001,5.600000000000001,3.8
12041,5.2,3.8,3.0
12043,6.0,4.4,3.2
12045,6.100000000000001,3.7,2.7
12047,8.200000000000001,6.0,4.0
12049,6.800000000000001,4.9,3.9
12051,8.8,6.4,4.7
12053,8.4,5.2,3.6
12055,8.1,5.9,4.2
12057,7.5,4.3,2.8
12059,5.800000000000001,4.2,3.1
12061,7.800000000000001,4.800000000000001,3.4
12063,5.800000000000001,4.7,3.2
12065,5.9,4.3,3.2
12067,4.5,4.0,3.1
12069,9.200000000000001,4.7,3.0
12071,7.7,4.2,3.1
12073,6.2,4.3,3.0
12075,6.4,4.600000000000001,3.5
12077,5.0,4.3,3.2
12079,6.5,5.0,3.3
12081,7.100000000000001,4.100000000000001,2.9
12083,7.4,5.0,3.4
12085,6.4,3.6,2.7
12086,8.200000000000001,5.5,2.6
12087,8.200000000000001,3.0,1.9
12089,5.9,3.5,2.5
12091,5.800000000000001,3.4,2.4
12093,5.7,4.3,3.1
12095,11.2,5.100000000000001,2.9
12097,14.1,6.2,3.4
12099,8.0,4.4,2.9
12101,7.5,4.5,3.0
12103,7.5,4.100000000000001,2.6
12105,9.5,5.4,3.5
12107,8.4,6.0,4.100000000000001
12109,5.4,3.1,2.3
12111,8.1,5.0,3.4
12113,5.4,3.6,2.7
12115,7.2,4.0,2.9
12117,7.600000000000001,4.100000000000001,2.7
12119,8.3,5.4,4.100000000000001
12121,6.0,4.600000000000001,3.2
12123,6.7,5.2,3.3
12125,5.0,3.8,2.9
12127,8.0,4.7,3.1
12129,4.7,3.2,2.5
12131,6.100000000000001,3.6,2.6
12133,6.100000000000001,4.600000000000001,3.2
13001,4.7,3.6,3.6
13003,3.9,2.9,2.7
13005,4.600000000000001,3.3,2.9
13007,5.9,4.9,4.0
13009,6.9,4.800000000000001,4.0
13011,4.3,2.6,2.2
13013,5.0,2.9,2.5
13015,6.2,3.5,2.9
13017,6.800000000000001,5.300000000000001,4.3
13019,5.7,3.8,3.2
13021,7.4,5.0,3.7
13023,6.4,5.100000000000001,4.3
13025,5.300000000000001,3.7,3.5
13027,5.2,3.8,3.1
13029,5.100000000000001,2.9,2.6
13031,6.5,4.100000000000001,3.4
13033,7.100000000000001,5.800000000000001,5.2
13035,6.100000000000001,3.6,2.8
13037,5.100000000000001,4.100000000000001,3.2
13039,4.800000000000001,3.2,3.0
13043,4.3,3.0,2.4
13045,6.300000000000001,3.7,3.1
13047,4.4,2.8,2.7
13049,3.8,3.2,3.1
13051,7.600000000000001,4.3,3.0
13053,6.300000000000001,4.5,4.600000000000001
13055,8.3,4.800000000000001,4.2
13057,4.800000000000001,2.6,2.4
13059,6.4,3.9,3.3
13061,12.2,9.9,6.7
13063,10.3,6.300000000000001,3.9
13065,3.9,3.0,2.8
13067,5.9,3.2,2.6
13069,5.800000000000001,4.100000000000001,3.5
13071,4.4,3.2,2.8
13073,4.2,2.7,2.8
13075,4.7,3.4,3.1
13077,6.100000000000001,3.3,2.7
13079,5.100000000000001,3.8,3.1
13081,9.0,8.6,4.2
13083,4.100000000000001,2.7,2.6
13085,4.600000000000001,2.7,2.5
13087,4.800000000000001,3.6,3.2
13089,7.9,4.5,3.1
13091,6.0,4.3,3.7
13093,8.9,7.4,4.0
13095,8.6,6.300000000000001,4.3
13097,7.300000000000001,4.3,3.2
13099,5.7,5.0,3.6
13103,4.9,3.0,2.6
13105,6.9,4.800000000000001,3.7
13107,6.9,5.2,4.100000000000001
13109,5.100000000000001,3.5,2.9
13111,4.7,2.9,2.7
13113,5.300000000000001,2.9,2.6
13115,6.2,3.7,3.1
13117,4.5,2.5,2.3
13119,5.800000000000001,3.7,3.2
13121,7.9,4.600000000000001,3.2
13123,4.7,3.1,3.1
13125,4.0,2.7,3.0
13127,6.7,3.8,2.9
13129,5.4,3.2,2.8
13131,4.3,3.2,3.0
13133,5.800000000000001,3.7,3.2
13135,6.300000000000001,3.5,2.7
13137,5.4,3.6,3.1
13139,4.7,2.7,2.4
13141,8.8,6.300000000000001,4.9
13143,5.800000000000001,3.5,3.0
13145,4.5,2.9,2.7
13147,5.4,3.9,3.0
13149,6.4,3.9,3.0
13151,7.2,4.2,3.2
13153,5.2,3.7,3.1
13155,5.600000000000001,4.5,4.0
13157,4.3,2.4,2.0
13159,4.800000000000001,3.2,2.6
13161,5.100000000000001,4.0,3.6
13163,6.7,4.9,4.0
13165,6.300000000000001,4.800000000000001,4.2
13167,4.9,3.6,2.9
13169,4.5,3.1,2.9
13171,6.300000000000001,4.2,3.3
13173,5.2,3.9,3.4
13175,6.600000000000001,4.3,3.8
13177,4.5,3.1,2.9
13179,6.2,4.0,3.3
13181,5.300000000000001,4.0,3.5
13183,4.3,3.1,3.1
13185,6.0,4.100000000000001,3.3
13187,4.800000000000001,2.7,2.4
13189,7.9,5.2,4.4
13191,5.600000000000001,3.7,3.1
13193,7.600000000000001,6.5,4.2
13195,5.0,3.1,2.9
13197,5.0,3.7,3.5
13199,8.6,5.100000000000001,3.8
13201,4.0,3.0,2.6
13205,6.5,5.0,4.0
13207,5.0,3.2,2.8
13209,5.4,4.2,3.8
13211,5.300000000000001,3.2,2.7
13213,7.5,4.3,4.0
13215,7.7,5.2,4.100000000000001
13217,7.0,4.4,3.4
13219,3.6,2.2,2.3
13221,4.7,2.9,2.7
13223,5.300000000000001,3.0,2.6
13225,6.2,4.800000000000001,3.8
13227,4.7,2.8,2.6
13229,4.5,3.1,2.7
13231,4.9,2.8,2.7
13233,5.9,3.6,3.1
13235,4.7,3.8,3.3
13237,6.4,4.0,3.5
13241,5.300000000000001,3.2,2.9
13243,5.9,5.2,4.4
13245,7.600000000000001,5.300000000000001,4.2
13247,7.5,4.5,3.5
13249,4.3,3.8,3.7
13251,8.1,5.600000000000001,4.3
13253,5.0,3.7,3.5
13255,7.5,4.600000000000001,3.3
13257,6.300000000000001,4.3,3.6
13259,5.600000000000001,3.8,3.6
13261,7.4,5.7,4.100000000000001
13263,6.800000000000001,4.5,3.7
13265,7.100000000000001,5.0,4.3
13267,4.3,3.2,3.0
13269,7.2,6.0,5.0
13271,9.8,7.100000000000001,5.7
13273,7.4,6.300000000000001,4.5
13275,6.2,4.2,3.5
13277,5.0,3.4,2.8
13279,6.5,4.5,3.8
13281,6.600000000000001,4.0,4.100000000000001
13283,6.100000000000001,4.3,3.9
13285,7.100000000000001,4.4,3.0
13287,7.2,6.300000000000001,4.100000000000001
13289,7.4,5.2,4.600000000000001
13291,4.3,2.7,2.6
13293,6.5,4.0,3.2
13295,4.9,3.2,3.0
13297,5.300000000000001,3.2,2.8
13299,5.5,3.7,3.0
13301,6.7,4.7,3.8
13303,6.300000000000001,5.0,3.9
13305,5.5,3.8,3.1
13309,7.2,5.5,5.0
13311,4.3,2.6,2.4
13313,7.2,4.0,3.8
13315,6.0,4.800000000000001,3.7
13317,6.7,4.600000000000001,4.100000000000001
13319,5.300000000000001,4.2,3.3
13321,5.4,4.0,3.1
15001,11.4,5.800000000000001,3.6
15003,10.3,5.600000000000001,3.5
15007,16.2,8.1,3.6
15009,17.8,7.7,3.5
16001,5.5,3.2,2.3
16003,9.5,6.4,5.300000000000001
16005,5.0,3.5,2.7
16007,4.3,2.9,2.6
16009,7.7,5.4,4.2
16011,3.9,3.1,2.6
16013,7.9,3.5,2.5
16015,8.1,5.2,3.8
16017,7.7,4.7,3.6
16019,4.100000000000001,2.8,2.3
16021,6.300000000000001,4.3,3.8
16023,3.7,3.7,3.0
16025,4.9,3.1,2.8
16027,6.0,3.9,2.9
16029,3.7,3.0,2.8
16031,3.7,2.7,2.2
16033,3.9,3.2,3.6
16035,8.4,6.300000000000001,5.100000000000001
16037,5.100000000000001,4.5,3.2
16039,4.9,3.6,2.9
16041,3.6,2.5,2.2
16043,3.7,2.8,2.5
16045,6.0,4.0,2.9
16047,3.9,2.9,2.4
16049,6.800000000000001,4.800000000000001,3.8
16051,3.5,2.6,2.2
16053,4.100000000000001,3.0,2.5
16055,7.100000000000001,4.2,3.2
16057,4.9,3.3,2.5
16059,6.800000000000001,5.2,3.7
16061,7.9,5.5,3.9
16063,6.0,4.100000000000001,3.4
16065,2.8,2.2,1.8
16067,3.9,3.0,2.4
16069,5.0,3.2,2.6
16071,4.3,2.5,2.5
16073,6.100000000000001,3.9,3.2
16075,5.4,3.9,3.0
16077,4.100000000000001,3.6,2.8
16079,9.3,6.4,4.600000000000001
16081,5.800000000000001,2.9,2.1
16083,5.4,3.4,2.6
16085,8.1,5.100000000000001,3.7
16087,5.5,4.3,3.3
17001,6.4,4.0,3.3
17003,10.3,8.1,6.300000000000001
17005,7.0,4.600000000000001,3.8
17007,11.4,8.700000000000001,6.4
17009,3.9,2.7,2.2
17011,7.7,5.100000000000001,4.4
17013,8.1,4.9,4.0
17015,7.300000000000001,4.4,3.8
17017,6.800000000000001,5.100000000000001,4.2
17019,6.600000000000001,5.0,3.8
17021,8.200000000000001,5.600000000000001,4.600000000000001
17023,8.3,5.2,4.2
17025,9.5,5.7,4.7
17027,5.9,3.6,3.0
17029,7.5,5.2,4.2
17031,10.6,6.9,5.0
17033,7.100000000000001,5.2,4.100000000000001
17035,5.800000000000001,4.3,3.4
17037,8.3,5.800000000000001,4.2
17039,6.800000000000001,5.0,4.0
17041,5.7,3.8,3.3
17043,7.600000000000001,4.5,3.6
17045,6.9,4.2,3.4
17047,9.0,5.4,4.4
17049,6.600000000000001,3.9,3.0
17051,7.600000000000001,5.300000000000001,4.3
17053,6.7,4.600000000000001,4.0
17055,10.6,6.7,5.2
17057,8.700000000000001,5.800000000000001,4.800000000000001
17059,9.8,6.2,5.0
17061,6.800000000000001,4.9,4.100000000000001
17063,8.6,5.300000000000001,4.9
17065,7.2,4.7,3.4
17067,6.9,4.4,3.9
17069,10.0,7.0,5.100000000000001
17071,7.0,4.100000000000001,4.0
17073,8.0,5.0,4.2
17075,6.300000000000001,4.800000000000001,4.5
17077,7.800000000000001,5.600000000000001,4.2
17079,6.100000000000001,4.3,3.7
17081,10.2,6.300000000000001,4.600000000000001
17083,7.600000000000001,4.4,3.5
17085,8.4,4.5,3.7
17087,9.200000000000001,6.100000000000001,5.4
17089,9.3,6.0,4.5
17091,9.0,6.600000000000001,5.300000000000001
17093,8.0,4.7,4.0
17095,8.700000000000001,6.600000000000001,5.2
17097,8.200000000000001,5.4,4.2
17099,9.5,6.0,4.9
17101,9.9,6.600000000000001,5.600000000000001
17103,6.9,4.600000000000001,4.0
17105,6.800000000000001,5.100000000000001,4.0
17107,6.9,4.9,4.2
17109,7.2,5.0,4.100000000000001
17111,8.1,4.7,4.0
17113,6.9,4.7,3.5
17115,10.0,7.7,5.5
17117,7.0,4.600000000000001,3.7
17119,7.9,5.0,3.7
17121,9.3,5.9,4.600000000000001
17123,7.300000000000001,5.600000000000001,4.600000000000001
17125,8.0,5.4,4.5
17127,10.1,5.9,4.800000000000001
17129,6.5,4.2,3.6
17131,8.200000000000001,5.0,4.100000000000001
17133,5.600000000000001,3.2,2.8
17135,8.8,5.600000000000001,4.600000000000001
17137,6.9,5.100000000000001,4.0
17139,5.2,3.7,3.2
17141,8.200000000000001,5.9,4.800000000000001
17143,10.5,7.2,5.0
17145,9.600000000000001,6.100000000000001,4.9
17147,5.5,4.2,3.4
17149,6.0,4.2,4.2
17151,7.2,4.800000000000001,4.5
17153,11.9,9.5,6.9
17155,8.4,5.100000000000001,4.7
17157,7.2,4.5,3.6
17159,6.800000000000001,4.5,3.7
17161,9.5,5.7,4.3
17163,9.200000000000001,6.100000000000001,4.3
17165,9.9,6.800000000000001,5.0
17167,8.3,5.600000000000001,4.100000000000001
17169,6.4,4.2,4.100000000000001
17171,6.7,5.2,4.800000000000001
17173,6.7,4.4,4.100000000000001
17175,7.4,5.600000000000001,4.9
17177,7.4,5.600000000000001,4.5
17179,8.200000000000001,5.100000000000001,4.100000000000001
17181,8.200000000000001,5.800000000000001,5.100000000000001
17183,9.4,6.7,5.0
17185,9.700000000000001,4.800000000000001,3.3
17187,6.4,4.800000000000001,3.9
17189,5.300000000000001,3.1,2.4
17191,8.4,4.9,3.9
17193,8.1,5.0,3.9
17195,8.1,5.0,4.0
17197,9.200000000000001,5.7,4.600000000000001
17199,8.8,5.7,4.3
17201,11.5,8.5,5.800000000000001
17203,6.2,4.100000000000001,3.4
18001,5.7,2.4,2.2
18003,7.9,4.0,2.9
18005,6.7,3.1,2.4
18007,5.4,3.0,2.4
18009,8.1,4.0,3.5
18011,4.4,2.3,2.0
18013,6.9,3.6,3.3
18015,6.300000000000001,3.3,2.9
18017,7.0,4.0,3.2
18019,7.300000000000001,3.5,2.7
18021,6.7,3.9,3.3
18023,5.7,3.0,2.5
18025,7.300000000000001,4.0,3.5
18027,3.9,2.6,2.3
18029,7.0,3.3,2.6
18031,7.600000000000001,3.1,2.6
18033,7.0,3.0,2.6
18035,7.5,4.4,3.5
18037,4.600000000000001,2.6,2.2
18039,7.7,2.8,2.5
18041,9.9,4.800000000000001,4.4
18043,6.600000000000001,3.0,2.5
18045,6.7,3.1,2.8
18047,6.0,3.0,2.7
18049,6.7,3.6,3.0
18051,6.300000000000001,2.7,2.2
18053,6.5,4.100000000000001,3.3
18055,6.300000000000001,3.8,3.8
18057,4.800000000000001,2.4,2.1
18059,5.7,2.8,2.6
18061,6.4,2.9,2.5
18063,5.100000000000001,2.8,2.4
18065,6.7,3.6,3.2
18067,11.0,6.800000000000001,5.0
18069,6.7,3.3,2.6
18071,7.300000000000001,3.3,2.7
18073,7.2,3.8,3.3
18075,6.7,3.0,2.7
18077,7.600000000000001,3.5,2.8
18079,7.800000000000001,4.0,3.3
18081,5.7,2.8,2.4
18083,6.100000000000001,3.1,2.7
18085,6.300000000000001,3.0,2.5
18087,6.5,2.2,2.2
18089,10.5,6.5,4.600000000000001
18091,9.8,5.4,3.7
18093,7.100000000000001,3.8,3.3
18095,8.1,4.5,3.3
18097,8.1,4.800000000000001,3.2
18099,6.5,2.9,2.6
18101,4.4,2.8,2.7
18103,8.3,4.9,4.100000000000001
18105,5.7,3.2,2.8
18107,5.300000000000001,2.9,2.5
18109,5.600000000000001,3.2,2.8
18111,7.0,4.100000000000001,3.6
18113,8.5,3.6,2.8
18115,7.5,2.8,2.2
18117,11.3,4.7,3.4
18119,6.5,3.9,3.2
18121,5.600000000000001,3.2,3.0
18123,6.7,3.4,3.1
18125,5.9,3.8,3.2
18127,8.200000000000001,4.2,3.3
18129,5.0,2.9,2.4
18131,6.2,3.2,2.6
18133,6.4,3.4,3.1
18135,6.7,3.3,3.0
18137,6.5,3.1,3.0
18139,6.4,3.1,2.5
18141,8.6,4.600000000000001,3.4
18143,8.6,4.3,3.4
18145,7.300000000000001,3.3,2.5
18147,5.7,3.0,2.6
18149,8.200000000000001,4.7,3.8
18151,6.4,2.8,2.2
18153,7.100000000000001,4.2,3.8
18155,8.200000000000001,3.7,2.8
18157,6.600000000000001,3.6,2.8
18159,6.300000000000001,3.3,2.8
18161,5.600000000000001,2.6,2.4
18163,7.300000000000001,4.0,3.0
18165,7.600000000000001,4.4,3.6
18167,8.0,4.7,3.5
18169,6.2,3.2,2.7
18171,5.600000000000001,2.8,2.6
18173,5.5,2.9,2.6
18175,7.100000000000001,3.4,2.7
18177,6.9,3.9,3.1
18179,5.9,2.8,2.3
18181,5.2,2.9,2.5
18183,6.100000000000001,2.9,2.4
19001,3.8,2.8,2.1
19003,3.7,2.7,2.0
19005,5.0,4.100000000000001,3.8
19007,5.2,3.9,2.9
19009,3.4,2.9,2.3
19011,5.0,4.0,3.0
19013,6.0,4.100000000000001,2.9
19015,4.0,3.1,2.3
19017,3.8,2.9,2.3
19019,4.5,3.3,2.8
19021,3.6,2.9,2.3
19023,4.5,3.4,2.8
19025,4.0,3.6,2.5
19027,3.9,2.8,2.0
19029,3.8,3.3,2.5
19031,4.3,3.4,2.6
19033,5.100000000000001,3.9,2.8
19035,3.7,3.0,2.3
19037,4.600000000000001,3.2,2.5
19039,5.300000000000001,3.8,2.9
19041,4.4,3.3,2.7
19043,5.600000000000001,4.600000000000001,3.8
19045,6.600000000000001,4.800000000000001,3.5
19047,5.100000000000001,4.7,4.0
19049,3.5,2.6,2.0
19051,3.9,3.0,2.4
19053,3.8,3.0,2.5
19055,3.9,3.0,2.3
19057,7.300000000000001,5.7,4.2
19059,5.0,3.5,2.8
19061,5.7,4.0,2.8
19063,4.9,3.7,2.9
19065,5.4,4.2,3.1
19067,5.9,3.9,2.9
19069,3.7,3.4,2.5
19071,3.0,2.6,2.4
19073,4.2,3.1,2.0
19075,4.3,3.3,2.5
19077,4.9,3.8,2.8
19079,4.3,3.8,2.8
19081,4.600000000000001,3.4,2.3
19083,4.5,3.8,3.0
19085,4.0,3.5,2.7
19087,5.2,3.8,2.9
19089,4.3,3.5,3.1
19091,4.100000000000001,3.1,2.4
19093,3.5,2.8,2.2
19095,4.3,3.4,2.5
19097,6.0,4.5,3.2
19099,5.2,3.9,3.0
19101,5.4,3.7,2.5
19103,4.7,3.4,2.3
19105,5.600000000000001,4.0,3.2
19107,4.800000000000001,4.0,3.0
19109,3.7,2.9,2.3
19111,6.4,5.300000000000001,4.4
19113,6.2,4.5,3.1
19115,4.800000000000001,3.9,3.1
19117,3.6,2.8,2.1
19119,2.5,2.1,1.8
19121,5.600000000000001,4.100000000000001,3.1
19123,4.7,3.3,2.4
19125,4.100000000000001,2.8,2.1
19127,6.9,5.800000000000001,5.300000000000001
19129,3.9,3.2,2.3
19131,3.3,2.7,2.0
19133,4.7,4.0,2.9
19135,5.100000000000001,3.7,2.8
19137,4.600000000000001,3.7,2.5
19139,5.800000000000001,4.2,3.0
19141,3.3,2.7,2.1
19143,2.8,2.2,1.8
19145,4.9,3.7,2.4
19147,4.5,3.0,2.5
19149,3.5,2.7,2.1
19151,3.4,2.8,2.1
19153,5.9,4.0,2.7
19155,5.2,3.8,2.8
19157,4.800000000000001,4.0,2.7
19159,3.8,3.1,2.3
19161,3.5,3.0,2.4
19163,6.600000000000001,4.9,3.2
19165,3.5,2.9,2.2
19167,2.6,2.2,1.9
19169,3.5,2.7,2.0
19171,5.0,4.2,3.3
19173,3.6,2.8,2.0
19175,5.7,4.0,2.7
19177,4.5,3.4,2.8
19179,5.9,4.5,3.2
19181,4.5,3.4,2.4
19183,4.0,3.4,2.6
19185,4.4,3.3,2.5
19187,5.100000000000001,4.100000000000001,3.0
19189,6.300000000000001,3.8,2.7
19191,4.800000000000001,3.7,3.1
19193,5.2,3.9,2.7
19195,5.300000000000001,3.8,2.7
19197,3.9,3.8,2.6
20001,5.4,3.1,2.9
20003,4.100000000000001,2.6,2.3
20005,6.800000000000001,3.9,3.5
20007,3.2,2.0,2.1
20009,4.600000000000001,3.0,2.6
20011,5.7,3.8,3.5
20013,4.4,2.8,2.4
20015,6.600000000000001,3.6,2.8
20017,5.4,2.5,2.2
20019,6.100000000000001,4.0,2.8
20021,5.2,3.0,2.6
20023,2.1,1.9,2.4
20025,2.0,1.9,2.0
20027,4.4,2.7,2.6
20029,4.0,2.9,2.7
20031,5.100000000000001,3.3,3.5
20033,3.3,2.2,2.2
20035,6.5,3.5,3.0
20037,5.5,3.3,2.9
20039,3.6,2.7,2.9
20041,4.800000000000001,3.1,2.8
20043,4.600000000000001,2.9,2.6
20045,5.9,3.2,2.6
20047,2.9,2.2,2.3
20049,4.9,3.0,2.7
20051,3.4,2.0,2.0
20053,3.1,2.3,2.3
20055,3.3,2.2,2.1
20057,3.3,2.2,2.1
20059,5.300000000000001,3.2,2.4
20061,7.0,4.4,3.8
20063,2.6,1.9,2.1
20065,4.5,3.0,2.4
20067,4.0,3.1,2.9
20069,2.2,1.8,2.0
20071,1.7,1.3,1.5
20073,5.300000000000001,2.9,2.4
20075,1.6,1.4,1.7
20077,4.4,2.7,2.1
20079,5.300000000000001,3.0,2.5
20081,2.3,1.8,1.9
20083,2.5,1.8,2.0
20085,5.300000000000001,2.7,2.3
20087,4.800000000000001,3.0,2.7
20089,2.9,2.3,2.6
20091,5.0,2.7,2.3
20093,2.5,1.7,1.9
20095,5.300000000000001,3.1,2.4
20097,3.1,2.1,2.2
20099,5.600000000000001,3.5,3.0
20101,2.9,2.1,2.9
20103,5.800000000000001,3.4,2.9
20105,2.9,2.2,2.4
20107,7.2,4.4,3.9
20109,2.4,1.7,1.9
20111,4.600000000000001,2.9,2.5
20113,3.4,2.2,1.9
20115,4.0,2.5,2.4
20117,3.0,2.0,2.0
20119,2.7,2.2,1.9
20121,5.0,3.0,2.6
20123,2.6,2.0,2.0
20125,7.300000000000001,4.0,3.1
20127,3.9,2.4,2.3
20129,3.0,2.6,2.7
20131,2.8,1.8,1.8
20133,6.300000000000001,4.3,3.6
20135,3.4,2.3,2.2
20137,2.6,1.8,1.9
20139,5.100000000000001,3.0,2.8
20141,2.7,1.9,2.0
20143,4.100000000000001,2.9,2.5
20145,3.6,2.3,2.4
20147,3.3,2.2,2.2
20149,4.100000000000001,2.6,2.4
20151,3.5,2.3,2.1
20153,2.5,1.6,1.8
20155,5.4,3.3,2.8
20157,3.2,2.4,2.1
20159,4.100000000000001,2.5,2.3
20161,4.9,2.9,2.7
20163,3.9,2.5,2.6
20165,4.600000000000001,2.5,2.2
20167,4.100000000000001,2.5,2.3
20169,5.4,3.1,2.4
20171,2.4,1.6,1.8
20173,8.8,4.600000000000001,3.1
20175,4.2,2.9,2.6
20177,5.800000000000001,3.2,2.7
20179,2.3,1.9,1.9
20181,3.3,2.6,2.3
20183,2.6,1.8,2.0
20185,3.6,2.3,2.4
20187,2.2,2.0,1.9
20189,2.7,2.2,2.0
20191,8.200000000000001,4.2,3.0
20193,2.7,1.9,1.9
20195,3.4,2.2,2.4
20197,4.100000000000001,2.5,2.5
20199,2.0,1.8,2.0
20201,2.4,1.8,2.0
20203,1.9,2.0,2.0
20205,7.800000000000001,4.100000000000001,3.1
20207,6.0,3.5,3.5
20209,7.9,4.7,3.5
21001,7.0,4.7,4.5
21003,5.4,3.9,3.8
21005,5.9,3.8,3.2
21007,6.4,4.800000000000001,4.800000000000001
21009,7.4,5.0,4.100000000000001
21011,8.1,5.4,5.2
21013,7.600000000000001,5.4,5.0
21015,5.300000000000001,3.6,3.1
21017,5.7,3.7,3.5
21019,8.1,5.9,5.100000000000001
21021,7.100000000000001,4.7,3.9
21023,6.100000000000001,4.5,4.3
21025,10.0,8.1,7.300000000000001
21027,7.100000000000001,4.9,4.600000000000001
21029,6.2,4.4,4.0
21031,6.9,4.4,4.100000000000001
21033,6.0,4.0,3.4
21035,6.100000000000001,4.3,4.0
21037,5.4,3.8,3.3
21039,4.5,3.7,3.7
21041,5.800000000000001,3.9,3.1
21043,9.4,7.300000000000001,7.0
21045,6.100000000000001,3.9,3.7
21047,7.800000000000001,5.5,4.800000000000001
21049,6.4,4.2,3.6
21051,8.3,6.4,5.600000000000001
21053,5.0,4.3,4.800000000000001
21055,5.4,4.100000000000001,4.100000000000001
21057,4.800000000000001,3.4,3.2
21059,5.9,4.100000000000001,3.9
21061,7.5,4.9,4.800000000000001
21063,9.8,7.9,8.0
21065,7.4,4.9,4.800000000000001
21067,5.600000000000001,3.7,3.1
21069,7.2,4.600000000000001,4.4
21071,8.9,6.600000000000001,5.800000000000001
21073,6.4,4.2,3.4
21075,6.5,5.0,4.5
21077,5.9,4.100000000000001,3.6
21079,6.100000000000001,4.3,3.8
21081,6.9,4.2,3.7
21083,5.800000000000001,4.2,4.5
21085,7.600000000000001,5.300000000000001,4.600000000000001
21087,5.300000000000001,3.5,3.7
21089,8.700000000000001,6.5,5.800000000000001
21091,6.0,4.100000000000001,4.2
21093,7.0,4.5,4.100000000000001
21095,11.5,7.9,6.300000000000001
21097,6.0,3.7,3.3
21099,6.300000000000001,4.2,3.9
21101,6.0,4.2,3.8
21103,5.600000000000001,3.8,3.6
21105,5.2,4.2,4.3
21107,7.2,4.9,4.4
21109,8.4,5.9,5.600000000000001
21111,6.7,4.5,3.8
21113,5.5,3.8,3.2
21115,8.4,6.800000000000001,5.9
21117,5.600000000000001,3.9,3.3
21119,8.3,6.7,6.100000000000001
21121,8.0,5.9,5.300000000000001
21123,7.100000000000001,4.7,4.4
21125,6.800000000000001,4.3,4.2
21127,8.1,6.100000000000001,5.300000000000001
21129,6.800000000000001,5.300000000000001,5.4
21131,10.6,7.5,6.600000000000001
21133,9.9,7.100000000000001,6.100000000000001
21135,9.3,7.2,7.2
21137,7.800000000000001,5.300000000000001,4.7
21139,7.4,5.7,4.800000000000001
21141,5.4,3.6,3.5
21143,5.2,4.3,4.2
21145,6.9,4.800000000000001,4.0
21147,7.0,5.5,5.2
21149,5.5,4.100000000000001,4.4
21151,5.9,3.9,3.6
21153,15.6,11.5,10.5
21155,7.7,4.100000000000001,3.3
21157,6.0,4.4,4.100000000000001
21159,11.3,8.6,7.300000000000001
21161,7.800000000000001,5.2,4.800000000000001
21163,7.0,5.0,4.4
21165,8.700000000000001,6.5,5.600000000000001
21167,7.100000000000001,4.3,3.7
21169,7.7,5.100000000000001,4.5
21171,5.2,3.8,3.3
21173,7.800000000000001,5.0,4.5
21175,6.600000000000001,5.4,5.300000000000001
21177,8.5,6.2,5.7
21179,6.800000000000001,4.100000000000001,3.8
21181,6.800000000000001,4.100000000000001,4.100000000000001
21183,7.0,5.2,4.9
21185,4.7,3.4,3.3
21187,6.300000000000001,4.100000000000001,3.4
21189,9.4,6.7,6.9
21191,5.100000000000001,3.9,3.5
21193,8.700000000000001,5.800000000000001,5.0
21195,8.200000000000001,6.0,5.2
21197,7.2,4.600000000000001,4.100000000000001
21199,7.2,4.7,4.5
21201,5.800000000000001,4.0,5.0
21203,7.2,4.7,4.600000000000001
21205,7.300000000000001,5.0,4.600000000000001
21207,8.1,5.2,4.9
21209,6.100000000000001,3.5,3.0
21211,5.300000000000001,3.6,3.4
21213,7.100000000000001,4.0,3.4
21215,5.600000000000001,4.100000000000001,3.9
21217,5.800000000000001,3.7,3.7
21219,4.7,3.4,3.2
21221,6.800000000000001,4.800000000000001,4.5
21223,6.600000000000001,4.600000000000001,4.3
21225,6.2,4.2,4.3
21227,6.4,4.0,3.6
21229,6.2,3.7,3.4
21231,6.300000000000001,4.800000000000001,5.0
21233,6.300000000000001,4.2,3.9
21235,6.9,4.800000000000001,4.4
21237,7.5,5.7,5.600000000000001
21239,4.9,3.2,3.0
22001,7.7,5.100000000000001,3.7
22003,9.600000000000001,5.7,4.2
22005,7.0,4.3,3.0
22007,10.6,7.100000000000001,4.600000000000001
22009,8.4,5.4,4.2
22011,7.100000000000001,4.3,3.4
22013,8.1,5.800000000000001,4.2
22015,6.600000000000001,4.0,3.0
22017,9.4,6.300000000000001,4.100000000000001
22019,9.5,5.7,3.5
22021,7.7,4.800000000000001,3.8
22023,6.100000000000001,3.6,2.8
22025,7.5,5.300000000000001,4.100000000000001
22027,7.0,5.0,3.8
22029,8.700000000000001,6.0,4.600000000000001
22031,7.600000000000001,5.0,3.8
22033,8.200000000000001,5.300000000000001,3.5
22035,12.5,9.9,7.9
22037,7.100000000000001,4.7,3.2
22039,8.200000000000001,5.600000000000001,4.100000000000001
22041,8.6,6.0,4.800000000000001
22043,6.9,4.2,3.5
22045,10.0,7.0,4.2
22047,10.4,7.100000000000001,4.4
22049,5.7,3.9,3.2
22051,9.600000000000001,6.0,3.6
22053,8.0,5.0,3.5
22055,7.4,4.600000000000001,3.2
22057,6.800000000000001,4.7,3.4
22059,5.100000000000001,3.4,2.6
22061,6.600000000000001,4.4,3.5
22063,6.7,3.9,2.8
22065,9.0,6.9,5.0
22067,10.3,7.4,5.2
22069,7.2,4.800000000000001,3.9
22071,12.4,8.3,4.5
22073,7.800000000000001,5.100000000000001,3.6
22075,7.4,4.5,3.2
22077,8.3,5.800000000000001,3.9
22079,6.600000000000001,4.2,3.2
22081,6.5,4.5,3.3
22083,8.0,5.4,4.100000000000001
22085,5.9,3.9,3.3
22087,10.4,6.800000000000001,4.0
22089,8.1,5.100000000000001,3.3
22091,12.1,9.1,5.300000000000001
22093,10.3,7.4,4.600000000000001
22095,11.6,8.6,5.0
22097,9.1,6.4,4.4
22099,8.6,5.7,3.7
22101,9.600000000000001,6.800000000000001,4.3
22103,7.0,4.0,2.9
22105,10.0,6.5,4.3
22107,8.9,6.0,5.0
22109,8.1,5.9,3.9
22111,7.5,5.0,3.8
22113,7.800000000000001,5.2,3.5
22115,7.600000000000001,4.800000000000001,4.0
22117,8.6,6.0,4.2
22119,8.3,5.600000000000001,4.100000000000001
22121,7.5,4.9,3.3
22123,10.6,6.5,5.5
22125,5.7,3.8,2.6
22127,7.5,5.0,4.0
23001,5.100000000000001,4.9,3.0
23003,5.100000000000001,5.7,4.100000000000001
23005,4.9,4.0,2.4
23007,5.7,5.300000000000001,3.6
23009,5.4,5.0,3.5
23011,4.600000000000001,4.3,2.8
23013,5.0,4.4,3.0
23017,6.100000000000001,5.600000000000001,3.3
23019,5.0,4.800000000000001,3.1
23021,5.100000000000001,5.0,3.8
23023,4.4,3.7,2.4
23025,6.2,6.300000000000001,4.100000000000001
23027,4.800000000000001,4.7,3.2
23029,5.800000000000001,6.4,4.3
23031,5.0,4.5,2.7
24001,7.5,5.9,4.0
24003,5.600000000000001,4.4,2.8
24005,6.600000000000001,5.2,3.3
24009,5.0,4.2,2.9
24011,5.4,4.5,3.1
24013,4.9,3.9,2.7
24015,5.7,4.800000000000001,3.3
24017,6.4,5.300000000000001,3.3
24019,6.300000000000001,5.300000000000001,3.6
24021,5.600000000000001,4.4,3.0
24023,6.4,4.9,3.5
24025,5.5,4.4,3.0
24027,4.9,4.0,2.6
24029,6.300000000000001,5.100000000000001,3.6
24031,6.100000000000001,5.100000000000001,2.9
24033,7.800000000000001,6.800000000000001,3.5
24035,5.2,4.0,2.8
24037,4.600000000000001,4.100000000000001,3.1
24039,8.1,6.9,4.800000000000001
24041,5.800000000000001,5.0,3.4
24043,6.600000000000001,5.0,3.3
24045,7.2,5.600000000000001,3.8
24047,10.9,7.5,5.0
24510,8.5,7.0,4.3
25001,10.7,6.5,4.7
25003,9.9,6.5,4.4
25005,10.8,6.300000000000001,4.600000000000001
25007,10.3,6.300000000000001,5.2
25009,10.3,6.100000000000001,3.9
25011,7.9,4.9,3.4
25013,10.9,7.2,4.9
25015,7.600000000000001,4.5,3.4
25017,7.7,4.5,3.1
25019,11.7,7.4,6.300000000000001
25021,8.8,5.0,3.3
25023,9.9,5.9,4.0
25025,10.3,5.7,3.6
25027,9.200000000000001,5.7,3.9
26001,10.3,7.0,7.0
26003,11.2,7.9,7.4
26005,7.600000000000001,4.7,3.7
26007,8.0,5.5,5.0
26009,10.1,6.9,5.800000000000001
26011,11.7,8.200000000000001,7.4
26013,12.2,7.7,7.300000000000001
26015,7.600000000000001,4.600000000000001,3.9
26017,9.5,6.0,5.2
26019,9.700000000000001,5.9,5.300000000000001
26021,9.0,5.800000000000001,4.600000000000001
26023,8.3,4.9,4.100000000000001
26025,10.0,6.5,4.800000000000001
26027,9.1,5.100000000000001,4.5
26029,10.2,5.9,4.7
26031,14.8,8.4,8.3
26033,9.4,6.5,6.4
26035,12.0,7.9,7.0
26037,6.7,4.5,3.9
26039,10.9,7.0,6.600000000000001
26041,9.1,6.100000000000001,5.600000000000001
26043,7.300000000000001,4.800000000000001,4.3
26045,7.9,5.300000000000001,4.4
26047,10.7,6.2,5.600000000000001
26049,11.5,7.5,5.600000000000001
26051,10.1,6.9,6.100000000000001
26053,8.0,5.5,5.2
26055,8.6,5.0,3.8
26057,8.200000000000001,5.600000000000001,4.600000000000001
26059,9.3,5.4,4.600000000000001
26061,7.600000000000001,5.0,4.800000000000001
26063,8.8,5.4,4.7
26065,7.800000000000001,5.600000000000001,4.4
26067,8.200000000000001,4.800000000000001,3.9
26069,10.9,7.100000000000001,6.4
26071,8.5,6.100000000000001,6.0
26073,8.6,5.300000000000001,4.9
26075,9.200000000000001,5.7,4.5
26077,7.5,5.0,3.9
26079,11.5,7.100000000000001,6.0
26081,7.9,4.7,3.5
26083,9.1,6.600000000000001,6.100000000000001
26085,11.2,8.1,7.100000000000001
26087,12.2,6.0,4.3
26089,8.200000000000001,5.100000000000001,4.3
26091,9.200000000000001,5.5,4.7
26093,8.6,4.2,2.8
26095,9.0,6.9,6.2
26097,13.7,8.6,9.1
26099,11.7,5.9,3.7
26101,11.2,7.2,5.9
26103,8.6,5.300000000000001,5.0
26105,9.600000000000001,6.4,5.300000000000001
26107,9.5,6.300000000000001,5.5
26109,6.7,4.5,4.3
26111,7.800000000000001,4.9,4.3
26113,9.5,5.5,5.100000000000001
26115,9.200000000000001,6.0,4.800000000000001
26117,9.5,5.600000000000001,4.5
26119,13.6,9.1,8.200000000000001
26121,11.8,7.300000000000001,5.100000000000001
26123,9.0,5.600000000000001,4.7
26125,9.1,4.600000000000001,3.0
26127,10.8,7.300000000000001,6.600000000000001
26129,11.3,7.7,7.0
26131,10.8,7.600000000000001,7.5
26133,8.6,5.5,4.7
26135,12.9,8.8,7.9
26137,10.6,6.7,5.4
26139,7.100000000000001,4.100000000000001,3.3
26141,11.5,7.800000000000001,7.7
26143,12.7,9.3,8.5
26145,10.3,7.0,5.600000000000001
26147,11.7,5.9,3.9
26149,9.3,5.100000000000001,4.3
26151,10.0,6.100000000000001,5.300000000000001
26153,10.1,8.0,7.800000000000001
26155,9.4,5.7,4.800000000000001
26157,10.4,6.300000000000001,5.4
26159,8.700000000000001,6.0,5.100000000000001
26161,6.7,4.3,3.6
26163,13.5,7.800000000000001,4.600000000000001
26165,10.5,5.9,4.9
27001,8.3,5.2,4.5
27003,6.4,3.8,2.6
27005,6.300000000000001,3.6,2.9
27007,6.4,4.0,3.3
27009,6.7,4.7,3.4
27011,4.800000000000001,3.8,3.3
27013,5.4,3.4,2.3
27015,5.2,3.4,2.7
27017,7.300000000000001,4.4,3.6
27019,5.2,3.0,2.2
27021,9.200000000000001,4.9,4.2
27023,5.2,3.2,2.4
27025,6.7,4.100000000000001,3.1
27027,4.4,3.0,2.2
27029,9.8,6.5,6.600000000000001
27031,8.4,4.800000000000001,3.5
27033,4.800000000000001,3.7,2.8
27035,7.300000000000001,4.4,3.2
27037,6.300000000000001,3.5,2.4
27039,5.5,3.4,2.7
27041,4.800000000000001,3.1,2.4
27043,6.2,4.100000000000001,3.2
27045,5.2,3.3,2.6
27047,5.7,3.8,2.7
27049,5.9,3.5,2.6
27051,5.4,4.0,2.9
27053,6.600000000000001,3.8,2.5
27055,4.4,3.1,2.3
27057,7.100000000000001,4.4,4.2
27059,6.800000000000001,4.5,3.4
27061,8.6,5.100000000000001,4.5
27063,5.300000000000001,3.5,2.5
27065,8.200000000000001,5.7,4.7
27067,4.9,3.9,2.9
27069,4.7,3.2,2.8
27071,7.5,4.800000000000001,4.0
27073,4.800000000000001,3.1,2.7
27075,7.300000000000001,3.9,5.0
27077,6.2,4.0,3.2
27079,6.9,4.600000000000001,3.6
27081,4.5,3.7,2.9
27083,4.5,3.0,2.5
27085,5.800000000000001,3.8,2.9
27087,13.2,6.600000000000001,4.9
27089,6.600000000000001,4.5,4.0
27091,5.4,3.5,2.7
27093,5.4,3.7,2.9
27095,8.6,5.7,4.5
27097,6.9,4.800000000000001,4.4
27099,5.100000000000001,3.4,2.5
27101,5.2,4.100000000000001,3.3
27103,4.9,3.0,2.0
27105,4.3,3.1,2.3
27107,6.4,4.3,3.6
27109,5.5,3.1,2.2
27111,5.5,3.7,3.0
27113,6.2,4.0,3.3
27115,8.8,5.5,4.4
27117,4.100000000000001,3.1,2.5
27119,5.7,4.2,3.0
27121,4.5,3.2,2.4
27123,7.0,4.2,2.7
27125,6.5,4.3,3.8
27127,5.600000000000001,3.7,2.6
27129,5.800000000000001,4.3,3.6
27131,5.4,3.5,2.6
27133,3.1,2.1,1.7
27135,5.800000000000001,3.2,2.6
27137,7.300000000000001,4.2,3.3
27139,5.9,3.4,2.3
27141,6.2,3.9,2.9
27143,5.7,4.0,3.2
27145,5.800000000000001,4.0,2.7
27147,5.5,3.6,2.8
27149,3.3,2.6,2.2
27151,5.9,4.0,3.0
27153,5.4,4.100000000000001,3.2
27155,4.5,3.4,2.5
27157,5.4,3.3,2.6
27159,7.800000000000001,4.9,4.100000000000001
27161,6.300000000000001,4.3,3.5
27163,5.7,3.3,2.3
27165,4.7,3.3,2.5
27167,4.2,3.1,2.2
27169,5.0,3.1,2.2
27171,5.600000000000001,3.5,2.6
27173,4.600000000000001,3.2,2.8
28001,10.8,8.0,5.2
28003,6.2,4.7,3.6
28005,8.3,7.100000000000001,5.2
28007,8.3,5.9,4.3
28009,8.200000000000001,6.300000000000001,4.9
28011,8.6,6.7,4.800000000000001
28013,8.0,5.2,4.100000000000001
28015,7.600000000000001,5.800000000000001,4.5
28017,10.7,6.100000000000001,4.5
28019,6.300000000000001,4.800000000000001,3.7
28021,14.3,11.3,8.200000000000001
28023,8.3,6.2,4.7
28025,11.5,6.9,4.100000000000001
28027,12.3,8.4,5.600000000000001
28029,8.200000000000001,6.300000000000001,4.4
28031,6.800000000000001,5.100000000000001,3.5
28033,6.0,4.4,3.2
28035,8.0,5.5,3.8
28037,8.200000000000001,6.7,5.4
28039,9.0,6.800000000000001,5.0
28041,9.600000000000001,7.4,5.800000000000001
28043,7.100000000000001,4.9,3.7
28045,8.3,5.7,4.100000000000001
28047,9.3,5.4,3.8
28049,9.3,6.0,3.9
28051,16.0,10.6,6.600000000000001
28053,14.6,12.2,7.600000000000001
28055,8.9,8.9,7.300000000000001
28057,6.9,4.3,3.4
28059,9.4,5.9,4.3
28061,8.8,7.100000000000001,5.0
28063,18.2,15.8,13.0
28065,9.5,7.5,5.0
28067,7.0,5.600000000000001,4.100000000000001
28069,9.5,7.2,5.9
28071,6.0,4.100000000000001,3.2
28073,6.0,4.100000000000001,3.1
28075,7.4,5.300000000000001,4.100000000000001
28077,8.6,6.7,4.7
28079,7.800000000000001,5.600000000000001,4.100000000000001
28081,8.0,4.5,3.3
28083,10.6,8.0,5.4
28085,7.300000000000001,5.0,3.7
28087,8.3,5.800000000000001,4.100000000000001
28089,6.5,4.2,3.1
28091,7.0,5.2,3.8
28093,7.5,5.7,4.100000000000001
28095,8.8,5.100000000000001,4.0
28097,8.0,6.0,4.3
28099,9.200000000000001,5.600000000000001,4.4
28101,7.800000000000001,5.4,4.3
28103,11.0,8.6,6.0
28105,7.600000000000001,5.5,4.100000000000001
28107,9.700000000000001,6.9,4.7
28109,7.2,5.600000000000001,3.9
28111,8.700000000000001,6.4,4.800000000000001
28113,8.8,6.9,4.800000000000001
28115,7.600000000000001,4.4,3.5
28117,6.800000000000001,4.3,3.3
28119,10.7,8.3,5.600000000000001
28121,5.2,3.6,2.9
28123,5.800000000000001,4.600000000000001,3.5
28125,10.8,9.0,5.9
28127,6.7,5.2,3.8
28129,5.7,4.5,3.7
28131,7.5,5.4,4.2
28133,11.0,8.9,5.800000000000001
28135,7.4,6.0,4.2
28137,7.600000000000001,5.5,3.9
28139,6.9,4.600000000000001,3.4
28141,6.5,4.5,3.7
28143,15.0,8.5,4.5
28145,7.100000000000001,4.0,2.9
28147,8.4,6.800000000000001,4.9
28149,8.6,6.0,4.2
28151,10.7,8.0,5.800000000000001
28153,8.6,6.600000000000001,4.9
28155,7.300000000000001,5.4,3.9
28157,12.9,10.7,6.4
28159,8.6,6.0,4.4
28161,7.800000000000001,5.4,4.100000000000001
28163,10.1,7.100000000000001,4.5
29001,5.100000000000001,4.100000000000001,3.0
29003,4.0,2.9,2.1
29005,4.100000000000001,3.1,2.4
29007,5.800000000000001,3.5,3.0
29009,6.600000000000001,4.3,2.7
29011,4.9,3.2,2.3
29013,5.4,4.0,2.7
29015,7.4,5.4,3.6
29017,5.7,3.9,2.6
29019,4.3,2.8,2.0
29021,5.0,3.6,2.4
29023,6.300000000000001,4.4,2.9
29025,5.4,4.800000000000001,2.8
29027,4.5,3.2,2.3
29029,7.0,4.7,3.1
29031,5.100000000000001,3.4,2.2
29033,5.600000000000001,4.100000000000001,2.6
29035,6.600000000000001,4.9,3.6
29037,5.4,3.7,2.4
29039,4.5,3.5,2.7
29041,4.0,3.1,2.1
29043,4.9,3.0,2.0
29045,6.100000000000001,4.4,3.2
29047,6.100000000000001,4.600000000000001,2.5
29049,5.9,5.0,2.8
29051,4.4,2.9,2.0
29053,5.5,3.4,2.4
29055,6.4,4.3,2.8
29057,4.3,3.1,2.2
29059,5.9,4.100000000000001,2.7
29061,4.2,3.6,2.4
29063,4.5,3.6,2.6
29065,4.800000000000001,4.100000000000001,3.1
29067,7.7,4.0,2.7
29069,7.300000000000001,5.7,4.0
29071,6.2,3.7,2.3
29073,5.800000000000001,3.4,2.3
29075,3.4,2.5,2.1
29077,5.4,3.2,2.0
29079,4.600000000000001,3.4,2.6
29081,4.600000000000001,3.4,2.4
29083,5.9,3.8,2.6
29085,5.0,3.8,2.7
29087,3.4,2.8,1.9
29089,4.2,3.1,2.4
29091,6.7,4.5,2.9
29093,7.100000000000001,5.5,4.0
29095,7.300000000000001,5.100000000000001,2.9
29097,5.7,3.5,2.3
29099,6.100000000000001,3.8,2.4
29101,5.7,4.2,2.6
29103,4.0,3.0,2.6
29105,8.200000000000001,4.100000000000001,2.5
29107,5.300000000000001,4.0,2.6
29109,6.100000000000001,3.8,2.4
29111,4.9,3.3,2.3
29113,6.2,4.3,2.6
29115,6.2,5.100000000000001,2.9
29117,3.7,2.8,2.0
29119,5.100000000000001,3.6,2.4
29121,4.800000000000001,3.5,2.5
29123,6.5,4.2,2.9
29125,4.9,3.6,2.5
29127,4.800000000000001,3.3,2.4
29129,3.5,2.8,2.4
29131,6.100000000000001,3.9,2.5
29133,5.4,4.4,3.2
29135,4.3,3.2,2.3
29137,5.9,4.100000000000001,2.7
29139,5.0,3.5,2.4
29141,6.300000000000001,4.5,3.0
29143,5.9,4.4,3.0
29145,5.800000000000001,3.6,2.4
29147,4.5,2.8,2.2
29149,6.800000000000001,5.0,3.1
29151,3.6,2.5,1.9
29153,7.300000000000001,5.100000000000001,3.7
29155,8.0,6.800000000000001,3.8
29157,5.600000000000001,3.0,2.1
29159,6.800000000000001,4.4,2.6
29161,4.800000000000001,3.5,2.5
29163,5.4,3.7,2.5
29165,5.4,3.8,2.2
29167,4.7,3.3,2.4
29169,5.7,4.2,2.9
29171,4.4,3.0,2.3
29173,4.5,3.2,2.3
29175,6.0,4.0,2.6
29177,6.9,6.100000000000001,3.3
29179,5.600000000000001,3.9,2.9
29181,7.9,5.100000000000001,3.2
29183,5.2,3.2,2.1
29185,6.2,4.2,2.9
29186,5.0,3.2,2.3
29187,7.0,4.5,3.3
29189,6.300000000000001,4.2,2.4
29195,4.600000000000001,3.3,2.5
29197,5.800000000000001,4.100000000000001,3.0
29199,3.3,2.5,2.1
29201,5.300000000000001,3.7,2.4
29203,7.300000000000001,5.300000000000001,3.6
29205,4.5,3.1,2.3
29207,5.9,4.2,2.9
29209,9.600000000000001,6.2,3.8
29211,4.3,4.600000000000001,2.8
29213,12.8,7.0,4.0
29215,5.800000000000001,4.3,3.0
29217,4.4,3.2,2.5
29219,5.7,3.9,2.5
29221,7.2,4.800000000000001,3.2
29223,6.2,4.7,3.6
29225,5.4,3.2,2.2
29227,4.100000000000001,2.4,1.9
29229,7.0,3.8,2.7
29510,8.700000000000001,5.9,3.1
30001,4.0,2.8,2.3
30003,7.2,7.5,4.4
30005,4.7,3.9,3.1
30007,6.2,4.0,3.4
30009,5.9,3.4,2.6
30011,2.8,2.6,2.1
30013,5.800000000000001,3.3,2.6
30015,3.8,2.8,2.3
30017,4.800000000000001,3.1,2.4
30019,2.8,1.9,1.9
30021,5.5,3.1,2.3
30023,5.0,3.3,2.5
30025,3.9,2.6,1.6
30027,4.5,3.3,2.8
30029,7.7,4.0,3.1
30031,5.0,2.4,1.9
30033,2.7,2.4,2.9
30035,9.600000000000001,6.800000000000001,5.0
30037,4.600000000000001,3.5,3.2
30039,8.0,4.5,3.8
30041,4.9,3.1,2.5
30043,5.100000000000001,3.3,2.5
30045,4.800000000000001,2.7,2.4
30047,6.100000000000001,3.8,3.0
30049,4.9,3.0,2.4
30051,2.8,2.3,2.3
30053,10.0,5.9,4.800000000000001
30055,2.8,1.8,1.8
30057,5.0,3.2,2.2
30059,4.7,2.5,2.3
30061,10.0,5.300000000000001,5.100000000000001
30063,6.2,3.4,2.6
30065,6.0,4.2,2.9
30067,7.300000000000001,3.5,2.7
30069,3.3,2.9,3.0
30071,4.800000000000001,3.8,3.7
30073,4.800000000000001,3.2,2.6
30075,3.1,2.6,2.2
30077,4.600000000000001,2.6,2.6
30079,6.800000000000001,3.7,3.0
30081,5.7,3.6,2.8
30083,6.4,4.0,2.6
30085,6.0,4.2,3.5
30087,5.600000000000001,4.0,3.4
30089,7.7,4.800000000000001,4.3
30091,4.800000000000001,3.3,1.9
30093,6.5,3.6,2.9
30095,5.0,2.9,2.2
30097,3.5,2.4,2.0
30099,4.3,3.2,2.7
30101,4.9,2.6,2.0
30103,3.5,2.9,2.0
30105,4.3,3.1,2.5
30107,7.0,5.100000000000001,3.7
30109,5.100000000000001,3.5,2.4
30111,5.4,3.2,2.4
31001,4.100000000000001,2.6,2.2
31003,2.3,1.8,1.9
31005,5.100000000000001,3.0,2.1
31007,3.0,2.3,3.1
31009,3.5,2.8,4.0
31011,2.6,1.7,1.8
31013,4.800000000000001,2.6,2.4
31015,2.9,2.1,2.3
31017,2.8,2.4,2.6
31019,4.100000000000001,2.2,2.0
31021,3.9,2.6,2.4
31023,3.4,2.3,1.8
31025,4.4,2.9,2.5
31027,2.8,1.9,1.9
31029,1.8,1.7,1.8
31031,2.5,1.7,1.8
31033,4.5,3.0,2.5
31035,3.3,2.5,2.4
31037,2.9,2.1,2.0
31039,2.6,1.8,1.9
31041,2.8,1.7,1.7
31043,4.9,3.3,2.8
31045,2.8,2.0,2.1
31047,3.5,2.3,2.5
31049,3.2,2.2,2.4
31051,3.3,2.3,2.2
31053,3.6,2.5,2.2
31055,5.2,3.2,2.7
31057,2.2,1.7,1.6
31059,2.8,2.1,1.9
31061,3.4,2.3,2.3
31063,2.9,1.8,2.2
31065,2.8,2.0,2.0
31067,4.100000000000001,2.6,2.6
31069,3.6,2.1,2.0
31071,2.1,2.1,2.1
31073,2.6,1.7,2.0
31075,1.9,1.4,1.7
31077,3.0,1.9,2.1
31079,5.9,3.1,2.4
31081,3.8,2.3,2.1
31083,2.9,2.0,1.9
31085,2.4,1.6,1.7
31087,3.5,2.3,2.4
31089,2.5,1.9,1.9
31091,2.7,1.6,2.7
31093,4.4,2.3,2.1
31095,2.8,1.9,1.9
31097,4.0,3.1,2.9
31099,3.3,1.9,1.9
31101,3.2,2.2,1.9
31103,2.2,1.7,2.2
31105,3.6,2.4,1.9
31107,3.1,2.2,2.3
31109,4.3,2.6,2.2
31111,4.0,2.4,2.2
31113,2.5,1.9,2.2
31115,3.2,2.2,2.7
31117,2.5,1.8,1.8
31119,3.9,2.6,2.1
31121,4.0,2.5,2.0
31123,3.6,2.6,2.1
31125,3.3,2.0,2.1
31127,3.6,2.4,2.4
31129,2.7,2.0,2.2
31131,3.6,2.5,2.3
31133,2.7,2.0,2.2
31135,1.9,1.4,1.7
31137,3.0,1.9,2.0
31139,3.3,2.3,2.0
31141,3.7,2.3,2.1
31143,3.0,2.0,2.0
31145,3.3,2.2,2.0
31147,3.3,2.6,2.1
31149,2.1,1.5,1.7
31151,3.7,2.5,2.6
31153,4.100000000000001,2.6,2.3
31155,3.7,2.4,2.1
31157,4.2,2.9,2.6
31159,4.2,2.7,2.2
31161,2.4,2.0,2.0
31163,3.2,2.2,2.3
31165,2.3,1.9,1.9
31167,3.4,2.3,2.0
31169,2.8,1.8,1.9
31171,4.2,2.8,2.6
31173,5.300000000000001,3.6,3.4
31175,2.9,2.3,2.2
31177,3.7,2.5,2.2
31179,2.9,2.1,2.2
31181,3.8,2.2,2.5
31183,1.9,1.3,1.6
31185,3.4,2.1,2.1
32001,5.800000000000001,3.4,3.6
32003,15.5,7.9,6.0
32005,9.0,4.4,4.0
32007,6.0,3.2,3.2
32009,5.300000000000001,3.6,3.7
32011,3.6,2.4,2.9
32013,5.100000000000001,3.3,3.3
32015,5.0,3.4,3.4
32017,5.2,3.2,3.9
32019,9.0,5.0,4.9
32021,5.9,3.7,4.100000000000001
32023,10.2,5.9,5.7
32027,4.9,3.3,3.6
32029,8.6,4.4,4.0
32031,8.200000000000001,4.100000000000001,3.5
32033,4.3,2.9,3.1
32510,8.700000000000001,4.600000000000001,4.0
33001,7.0,3.6,2.5
33003,7.7,3.7,2.6
33005,6.2,3.7,2.7
33007,7.9,4.3,3.3
33009,5.9,3.2,2.3
33011,7.0,3.5,2.6
33013,5.800000000000001,3.1,2.3
33015,7.0,3.4,2.6
33017,6.300000000000001,3.2,2.3
33019,5.4,3.2,2.4
34001,17.1,9.8,5.100000000000001
34003,9.200000000000001,6.300000000000001,3.4
34005,7.9,5.600000000000001,3.3
34007,9.700000000000001,7.0,4.0
34009,13.7,9.200000000000001,6.5
34011,10.4,8.0,5.100000000000001
34013,11.2,8.3,4.5
34015,8.9,6.300000000000001,3.7
34017,10.2,7.0,3.6
34019,6.9,4.800000000000001,2.9
34021,7.2,5.5,3.2
34023,8.5,6.0,3.3
34025,8.5,5.800000000000001,3.3
34027,7.5,5.300000000000001,3.0
34029,9.1,6.300000000000001,3.7
34031,12.1,8.6,4.600000000000001
34033,9.200000000000001,7.600000000000001,4.600000000000001
34035,7.5,5.4,3.1
34037,9.0,6.2,3.7
34039,9.5,6.9,3.9
34041,8.200000000000001,5.800000000000001,3.5
35001,7.600000000000001,6.5,3.6
35003,7.0,6.600000000000001,5.100000000000001
35005,7.7,7.300000000000001,4.2
35006,8.8,9.700000000000001,5.5
35007,6.7,6.300000000000001,3.9
35009,5.2,5.2,3.2
35011,4.600000000000001,5.4,3.4
35013,7.800000000000001,6.9,4.4
35015,6.5,6.600000000000001,3.3
35017,8.4,7.5,4.100000000000001
35019,6.4,7.4,5.600000000000001
35021,4.0,5.0,3.5
35023,5.5,5.7,3.4
35025,10.4,9.8,4.4
35027,8.5,7.800000000000001,4.0
35028,3.5,3.2,2.2
35029,15.4,15.3,9.9
35031,9.8,10.0,5.7
35033,7.7,6.600000000000001,5.5
35035,7.9,6.9,4.100000000000001
35037,7.0,7.4,4.3
35039,7.7,7.4,4.3
35041,5.800000000000001,5.9,3.8
35043,8.0,6.9,3.8
35045,9.4,8.4,4.600000000000001
35047,7.800000000000001,7.600000000000001,4.9
35049,7.7,6.4,3.6
35051,8.700000000000001,8.4,5.9
35053,6.7,6.600000000000001,4.3
35055,10.9,9.200000000000001,4.9
35057,8.9,8.200000000000001,5.4
35059,4.800000000000001,4.5,2.9
35061,7.7,7.2,4.3
36001,6.9,4.4,3.0
36003,7.7,5.0,4.0
36005,16.0,13.8,7.800000000000001
36007,8.3,5.300000000000001,3.8
36009,9.1,5.300000000000001,4.0
36011,7.600000000000001,4.7,3.4
36013,8.5,5.600000000000001,3.9
36015,8.4,5.300000000000001,3.7
36017,6.600000000000001,4.4,3.3
36019,7.7,4.7,3.3
36021,5.9,3.9,2.7
36023,7.7,5.100000000000001,3.8
36025,7.0,4.7,3.7
36027,7.300000000000001,4.5,3.1
36029,9.1,5.4,3.6
36031,7.9,4.800000000000001,3.6
36033,7.9,4.800000000000001,3.6
36035,8.3,5.5,3.9
36037,7.100000000000001,4.3,3.1
36039,8.0,5.0,3.5
36041,7.7,4.5,4.3
36043,7.9,5.800000000000001,3.9
36045,8.4,5.100000000000001,4.0
36047,12.4,10.3,5.9
36049,7.4,5.100000000000001,4.0
36051,6.800000000000001,4.4,3.3
36053,7.5,4.600000000000001,3.4
36055,8.200000000000001,5.2,3.4
36057,8.4,5.7,4.0
36059,8.0,4.5,2.9
36061,9.5,7.7,4.600000000000001
36063,10.1,5.600000000000001,3.8
36065,7.800000000000001,5.100000000000001,3.5
36067,8.0,4.9,3.3
36069,6.9,4.3,3.1
36071,8.0,4.7,3.2
36073,8.0,5.2,3.8
36075,8.6,5.5,4.0
36077,6.9,4.5,3.4
36079,7.2,4.2,2.9
36081,12.4,9.8,5.2
36083,6.7,4.4,3.1
36085,10.5,8.9,5.5
36087,7.7,4.4,2.8
36089,7.9,5.2,4.100000000000001
36091,6.4,3.8,2.7
36093,7.7,4.9,3.3
36095,6.800000000000001,4.600000000000001,3.6
36097,8.3,4.9,3.7
36099,7.800000000000001,4.7,3.2
36101,7.9,5.0,3.6
36103,8.1,4.600000000000001,3.1
36105,8.4,4.9,3.3
36107,7.5,4.5,3.2
36109,5.800000000000001,3.8,2.8
36111,7.7,4.7,3.2
36113,8.1,4.9,3.4
36115,6.9,4.600000000000001,3.2
36117,7.100000000000001,4.5,3.2
36119,8.0,4.800000000000001,3.1
36121,7.2,4.5,3.5
36123,6.300000000000001,3.9,2.9
37001,7.100000000000001,4.9,3.7
37003,7.4,4.3,3.2
37005,7.2,4.7,3.9
37007,7.5,6.4,4.4
37009,6.2,4.100000000000001,3.4
37011,6.2,4.100000000000001,3.3
37013,6.2,4.9,3.9
37015,6.300000000000001,6.100000000000001,4.9
37017,7.100000000000001,5.9,4.3
37019,8.700000000000001,6.100000000000001,4.7
37021,8.200000000000001,4.2,3.0
37023,7.100000000000001,4.600000000000001,3.4
37025,6.800000000000001,4.4,3.4
37027,7.800000000000001,5.0,3.6
37029,5.5,4.100000000000001,3.8
37031,6.2,4.2,3.5
37033,7.600000000000001,5.4,4.0
37035,7.9,4.7,3.4
37037,5.300000000000001,3.7,3.1
37039,7.800000000000001,5.100000000000001,4.0
37041,6.0,5.100000000000001,4.0
37043,7.300000000000001,5.100000000000001,4.0
37045,7.7,5.4,3.8
37047,8.0,6.300000000000001,4.2
37049,6.4,4.800000000000001,3.7
37051,9.3,6.9,5.100000000000001
37053,6.100000000000001,4.2,3.5
37055,9.8,5.9,4.3
37057,6.9,4.600000000000001,3.5
37059,6.600000000000001,4.4,3.4
37061,5.5,4.5,3.7
37063,6.300000000000001,4.3,3.2
37065,10.4,8.4,6.5
37067,7.300000000000001,5.0,3.7
37069,6.600000000000001,4.800000000000001,3.6
37071,7.9,5.2,3.7
37073,5.600000000000001,4.4,3.5
37075,9.8,6.9,5.4
37077,5.7,4.100000000000001,3.2
37079,5.5,4.2,3.2
37081,8.4,5.7,4.100000000000001
37083,9.0,7.5,5.5
37085,7.300000000000001,5.4,4.100000000000001
37087,7.4,4.3,3.2
37089,6.800000000000001,4.2,3.2
37091,6.800000000000001,6.600000000000001,5.100000000000001
37093,8.4,6.5,4.9
37095,10.2,6.600000000000001,5.600000000000001
37097,7.2,4.7,3.4
37099,7.5,4.600000000000001,3.8
37101,6.2,4.3,3.3
37103,5.600000000000001,4.3,3.4
37105,7.9,5.5,4.2
37107,6.100000000000001,5.100000000000001,3.7
37109,6.4,4.100000000000001,3.1
37111,6.9,4.600000000000001,3.5
37113,6.600000000000001,4.3,3.5
37115,6.800000000000001,4.4,3.4
37117,6.800000000000001,5.7,4.4
37119,7.600000000000001,4.9,3.5
37121,7.600000000000001,5.2,4.2
37123,6.600000000000001,4.800000000000001,3.7
37125,7.2,4.7,3.7
37127,8.200000000000001,6.300000000000001,5.0
37129,7.100000000000001,4.3,3.3
37131,7.2,6.300000000000001,4.9
37133,7.2,5.2,4.3
37135,5.2,3.6,3.0
37137,5.5,4.4,3.6
37139,7.2,5.5,4.5
37141,6.4,4.3,3.5
37143,6.7,5.5,4.5
37145,7.100000000000001,5.2,3.8
37147,6.7,5.300000000000001,4.100000000000001
37149,6.100000000000001,4.800000000000001,3.8
37151,7.2,4.800000000000001,3.6
37153,9.0,7.300000000000001,5.0
37155,8.700000000000001,7.600000000000001,5.5
37157,8.200000000000001,5.600000000000001,4.100000000000001
37159,7.800000000000001,5.100000000000001,3.6
37161,9.200000000000001,6.5,4.7
37163,5.7,4.600000000000001,3.7
37165,11.9,9.5,6.4
37167,6.2,4.4,3.3
37169,6.300000000000001,4.3,3.3
37171,6.800000000000001,4.5,3.4
37173,8.4,4.600000000000001,3.2
37175,6.0,4.2,3.4
37177,9.200000000000001,6.9,5.2
37179,5.800000000000001,4.0,3.1
37181,9.9,7.9,5.800000000000001
37183,6.300000000000001,4.100000000000001,3.1
37185,9.600000000000001,7.800000000000001,6.300000000000001
37187,8.0,7.0,5.100000000000001
37189,6.2,3.8,3.2
37191,6.300000000000001,5.100000000000001,4.0
37193,6.7,4.800000000000001,3.8
37195,8.700000000000001,6.800000000000001,5.100000000000001
37197,7.0,4.3,3.3
37199,6.5,4.4,3.6
38001,3.6,2.9,2.2
38003,3.8,2.6,2.2
38005,6.600000000000001,4.2,2.9
38007,3.7,2.4,2.0
38009,5.2,4.0,3.0
38011,3.3,2.1,1.7
38013,5.100000000000001,3.6,2.0
38015,4.2,2.6,1.9
38017,4.2,2.4,1.8
38019,3.4,2.6,2.4
38021,3.2,2.3,1.7
38023,3.1,2.1,1.3
38025,4.4,2.8,1.3
38027,4.5,3.3,2.9
38029,4.7,3.9,4.3
38031,3.3,2.4,2.1
38033,3.0,2.3,1.6
38035,4.5,2.7,1.9
38037,2.7,2.2,2.0
38039,2.9,2.4,2.2
38041,3.8,2.7,1.7
38043,4.9,4.3,3.9
38045,2.6,1.9,1.9
38047,3.1,2.5,2.2
38049,5.300000000000001,3.6,3.2
38051,3.2,2.9,2.1
38053,7.4,4.5,1.9
38055,4.3,3.1,3.1
38057,5.600000000000001,3.9,3.3
38059,4.9,3.2,2.5
38061,5.100000000000001,2.9,1.5
38063,4.4,3.1,2.9
38065,5.0,3.3,3.3
38067,5.5,4.0,3.4
38069,4.2,2.8,2.6
38071,4.3,2.7,2.3
38073,3.9,2.2,1.7
38075,4.800000000000001,2.8,2.0
38077,3.7,2.3,1.9
38079,13.1,8.700000000000001,6.600000000000001
38081,4.2,2.3,1.7
38083,5.7,4.3,2.6
38085,3.8,3.0,2.6
38087,3.0,2.5,2.6
38089,7.0,3.9,1.9
38091,2.8,2.4,2.0
38093,3.4,2.5,2.0
38095,2.7,2.8,2.4
38097,3.5,2.5,2.0
38099,4.4,3.8,3.1
38101,5.800000000000001,3.6,2.3
38103,4.2,3.5,3.1
38105,9.4,5.4,2.3
39001,9.3,6.4,5.4
39003,8.6,5.800000000000001,4.2
39005,6.5,4.4,3.8
39007,8.4,5.5,4.4
39009,7.7,5.600000000000001,4.800000000000001
39011,6.9,3.7,3.1
39013,10.2,6.2,5.2
39015,8.4,5.4,4.5
39017,7.300000000000001,4.5,3.5
39019,8.9,5.7,4.3
39021,7.2,4.5,3.7
39023,8.200000000000001,5.300000000000001,4.100000000000001
39025,6.9,4.4,3.6
39027,8.4,5.5,4.4
39029,9.4,5.800000000000001,4.600000000000001
39031,8.9,5.9,4.9
39033,9.4,5.9,4.800000000000001
39035,10.6,6.300000000000001,4.9
39037,6.800000000000001,3.9,3.5
39039,8.200000000000001,4.7,3.9
39041,5.4,3.6,3.0
39043,10.4,6.4,4.9
39045,6.7,4.4,3.5
39047,7.4,4.800000000000001,3.9
39049,7.600000000000001,5.0,3.4
39051,7.9,4.800000000000001,4.0
39053,8.0,5.7,4.7
39055,6.7,4.100000000000001,4.0
39057,6.5,4.4,3.6
39059,8.700000000000001,5.600000000000001,4.9
39061,7.9,4.9,3.6
39063,6.9,4.2,3.3
39065,8.1,5.2,4.2
39067,9.3,6.2,4.9
39069,8.1,5.2,4.5
39071,8.700000000000001,5.800000000000001,4.9
39073,7.5,4.9,4.100000000000001
39075,3.9,2.8,2.8
39077,9.5,5.9,5.100000000000001
39079,8.8,6.2,5.0
39081,10.1,6.5,5.4
39083,6.2,4.100000000000001,3.5
39085,8.4,5.0,4.3
39087,8.5,5.2,4.600000000000001
39089,6.600000000000001,4.100000000000001,3.4
39091,8.200000000000001,4.2,3.5
39093,9.8,5.600000000000001,5.100000000000001
39095,10.4,6.2,4.4
39097,6.0,3.9,3.2
39099,10.3,6.300000000000001,4.800000000000001
39101,7.600000000000001,4.800000000000001,4.4
39103,7.600000000000001,4.2,4.0
39105,9.8,6.600000000000001,5.800000000000001
39107,5.4,3.2,2.7
39109,7.100000000000001,4.3,3.6
39111,10.7,7.4,6.4
39113,8.700000000000001,5.600000000000001,4.100000000000001
39115,9.3,6.300000000000001,5.300000000000001
39117,7.2,4.600000000000001,3.9
39119,7.800000000000001,5.100000000000001,4.3
39121,9.700000000000001,6.800000000000001,6.0
39123,9.1,6.100000000000001,5.2
39125,7.5,4.3,3.5
39127,8.5,5.600000000000001,4.4
39129,6.9,4.5,3.7
39131,9.4,6.300000000000001,5.100000000000001
39133,7.300000000000001,4.800000000000001,3.8
39135,6.800000000000001,4.100000000000001,3.4
39137,5.600000000000001,3.4,3.0
39139,9.0,5.600000000000001,4.5
39141,8.0,4.9,3.8
39143,8.1,5.300000000000001,4.7
39145,8.8,6.2,5.100000000000001
39147,8.1,4.800000000000001,4.2
39149,7.800000000000001,4.2,3.5
39151,8.1,5.2,4.0
39153,8.4,5.5,4.100000000000001
39155,10.5,6.4,4.9
39157,7.600000000000001,4.7,3.8
39159,5.800000000000001,3.6,3.0
39161,7.100000000000001,4.0,3.3
39163,9.200000000000001,6.2,5.0
39165,6.4,4.0,3.3
39167,8.6,5.600000000000001,4.7
39169,5.9,3.6,3.2
39171,7.800000000000001,4.3,3.4
39173,7.100000000000001,4.3,3.5
39175,7.0,3.5,2.9
40001,6.0,3.8,3.3
40003,3.7,2.5,2.0
40005,7.300000000000001,5.0,3.9
40007,2.7,1.8,1.9
40009,7.800000000000001,4.5,2.6
40011,6.2,3.1,2.2
40013,5.2,3.4,2.7
40015,6.100000000000001,3.9,3.2
40017,6.0,3.4,2.5
40019,7.2,4.600000000000001,3.5
40021,5.600000000000001,4.3,3.5
40023,7.7,5.4,4.600000000000001
40025,2.1,1.9,1.4
40027,5.7,3.4,2.5
40029,7.0,4.7,3.2
40031,6.9,4.3,3.6
40033,7.2,4.3,3.1
40035,5.600000000000001,3.8,3.1
40037,6.7,4.4,3.5
40039,5.5,3.4,2.6
40041,5.4,3.5,2.9
40043,5.0,2.9,2.0
40045,4.600000000000001,2.9,2.3
40047,5.600000000000001,3.6,2.9
40049,6.4,3.9,2.9
40051,6.300000000000001,3.6,2.7
40053,3.4,2.6,1.9
40055,7.7,5.2,3.4
40057,3.7,2.7,2.7
40059,3.5,2.6,2.0
40061,8.1,5.5,4.3
40063,7.7,5.300000000000001,3.9
40065,4.2,3.0,2.7
40067,6.800000000000001,4.100000000000001,3.1
40069,7.800000000000001,4.800000000000001,3.7
40071,6.800000000000001,4.5,3.5
40073,4.5,2.7,2.0
40075,5.2,3.6,3.2
40077,10.4,7.5,5.600000000000001
40079,7.100000000000001,4.800000000000001,3.7
40081,5.800000000000001,3.7,3.0
40083,5.300000000000001,3.4,2.7
40085,4.3,2.8,2.4
40087,5.600000000000001,3.3,2.7
40089,6.800000000000001,4.600000000000001,4.0
40091,8.700000000000001,6.300000000000001,4.9
40093,4.9,3.2,2.4
40095,6.600000000000001,3.8,3.0
40097,5.2,3.9,3.1
40099,6.300000000000001,4.100000000000001,3.0
40101,6.2,4.5,3.5
40103,4.2,2.7,2.2
40105,5.4,3.7,2.9
40107,6.9,5.100000000000001,3.9
40109,6.600000000000001,4.2,2.9
40111,7.5,5.4,4.2
40113,6.7,4.4,3.6
40115,5.800000000000001,3.4,2.8
40117,6.7,4.3,3.6
40119,5.4,3.4,2.8
40121,7.800000000000001,5.5,4.3
40123,5.300000000000001,3.5,2.8
40125,6.300000000000001,4.0,3.4
40127,6.800000000000001,4.4,3.8
40129,5.2,3.0,2.3
40131,6.0,3.7,2.9
40133,7.600000000000001,5.300000000000001,4.2
40135,7.0,4.5,3.4
40137,8.0,4.7,3.2
40139,2.4,1.9,1.8
40141,6.4,4.5,3.3
40143,6.7,4.2,3.0
40145,5.9,3.7,3.0
40147,6.0,4.0,3.3
40149,6.9,4.5,3.0
40151,3.5,2.2,1.9
40153,6.9,4.4,2.9
41001,7.2,5.2,4.7
41003,5.600000000000001,4.0,3.6
41005,7.2,4.9,3.8
41007,9.5,5.9,4.3
41009,7.9,5.7,4.800000000000001
41011,8.6,6.300000000000001,5.300000000000001
41013,8.8,6.7,5.5
41015,8.700000000000001,6.600000000000001,5.4
41017,7.9,5.300000000000001,4.2
41019,7.800000000000001,5.9,5.300000000000001
41021,6.2,4.800000000000001,4.0
41023,8.4,6.7,6.100000000000001
41025,6.0,5.2,4.9
41027,6.300000000000001,4.5,3.6
41029,7.800000000000001,5.5,4.7
41031,8.200000000000001,6.4,5.5
41033,7.9,6.2,5.600000000000001
41035,8.700000000000001,6.7,6.0
41037,5.7,5.5,5.4
41039,7.9,5.5,4.600000000000001
41041,10.8,6.7,5.2
41043,7.7,5.600000000000001,4.600000000000001
41045,5.300000000000001,4.4,4.4
41047,7.0,5.100000000000001,4.3
41049,5.2,4.7,4.100000000000001
41051,8.6,5.5,3.9
41053,6.5,4.9,4.2
41055,6.2,4.4,3.3
41057,8.0,5.5,4.4
41059,6.800000000000001,5.300000000000001,4.600000000000001
41061,7.9,5.600000000000001,4.7
41063,7.100000000000001,5.5,5.4
41065,7.100000000000001,5.2,4.3
41067,6.5,4.4,3.5
41069,4.5,3.3,3.4
41071,6.800000000000001,4.800000000000001,3.9
42001,6.800000000000001,4.2,3.3
42003,8.9,5.800000000000001,4.2
42005,9.600000000000001,7.2,5.300000000000001
42007,10.1,6.800000000000001,5.4
42009,8.8,5.7,4.5
42011,9.3,6.2,4.3
42013,8.5,5.7,4.5
42015,7.4,5.300000000000001,4.2
42017,8.1,5.0,3.8
42019,7.600000000000001,5.4,4.2
42021,9.3,6.7,5.4
42023,12.3,7.300000000000001,5.7
42025,9.600000000000001,6.4,5.100000000000001
42027,5.7,4.4,3.6
42029,6.300000000000001,4.0,3.2
42031,8.1,6.2,5.2
42033,9.0,6.7,5.4
42035,8.5,6.4,5.300000000000001
42037,8.0,5.600000000000001,4.5
42039,8.700000000000001,6.300000000000001,4.800000000000001
42041,6.5,4.4,3.4
42043,8.700000000000001,6.0,4.0
42045,9.0,5.9,4.100000000000001
42047,11.9,6.5,4.9
42049,9.600000000000001,6.9,5.0
42051,11.6,8.200000000000001,6.100000000000001
42053,10.4,7.9,6.5
42055,7.4,4.9,3.7
42057,11.7,6.0,4.100000000000001
42059,9.600000000000001,6.9,5.300000000000001
42061,10.3,6.9,5.600000000000001
42063,8.9,6.7,5.300000000000001
42065,8.6,6.2,4.9
42067,7.0,4.800000000000001,4.3
42069,9.5,6.5,4.7
42071,7.4,4.7,3.5
42073,10.2,7.2,5.4
42075,7.800000000000001,5.2,3.7
42077,9.4,6.4,4.4
42079,10.7,7.7,5.300000000000001
42081,8.6,6.4,4.7
42083,9.600000000000001,6.5,5.4
42085,9.5,6.7,5.0
42087,8.3,5.800000000000001,4.800000000000001
42089,11.3,7.2,5.7
42091,7.5,4.7,3.5
42093,6.100000000000001,4.2,3.4
42095,8.8,5.7,4.2
42097,9.200000000000001,6.4,5.0
42099,6.600000000000001,4.5,3.6
42101,12.2,8.5,5.4
42103,10.3,6.9,5.600000000000001
42105,9.1,6.5,5.9
42107,9.1,6.4,5.0
42109,7.5,5.0,4.3
42111,9.3,6.4,5.4
42113,8.4,7.0,5.300000000000001
42115,7.2,5.2,4.2
42117,8.9,6.300000000000001,4.9
42119,6.600000000000001,4.5,3.9
42121,8.700000000000001,6.5,5.0
42123,7.9,6.4,4.7
42125,9.200000000000001,6.300000000000001,4.600000000000001
42127,9.0,6.300000000000001,5.100000000000001
42129,8.9,6.0,4.600000000000001
42131,8.3,6.0,4.9
42133,7.9,5.2,3.8
44003,8.5,5.100000000000001,2.9
44005,8.0,4.9,2.8
44007,9.9,5.9,3.5
44009,7.600000000000001,4.800000000000001,2.8
45001,6.5,4.5,3.9
45003,4.9,3.4,3.2
45005,9.3,7.600000000000001,5.7
45007,5.800000000000001,3.7,3.0
45009,8.8,7.300000000000001,5.5
45011,7.2,6.300000000000001,4.7
45013,5.300000000000001,3.4,3.1
45015,5.4,3.6,3.1
45017,6.0,4.5,3.5
45019,6.2,3.6,2.8
45021,7.800000000000001,4.9,4.100000000000001
45023,8.8,5.7,4.3
45025,5.9,4.4,3.6
45027,6.600000000000001,4.800000000000001,4.100000000000001
45029,5.9,4.3,3.5
45031,6.300000000000001,4.5,3.5
45033,6.0,5.7,4.600000000000001
45035,5.7,3.6,2.9
45037,5.0,3.4,3.3
45039,7.800000000000001,5.7,4.7
45041,5.4,4.0,3.2
45043,7.300000000000001,4.7,3.7
45045,5.5,3.4,2.8
45047,6.2,4.5,3.7
45049,4.800000000000001,3.5,2.9
45051,8.4,5.0,3.9
45053,5.0,3.4,3.1
45055,5.2,3.7,3.3
45057,6.600000000000001,4.3,3.6
45059,6.7,4.2,3.4
45061,7.4,5.4,4.7
45063,4.2,3.0,2.7
45065,6.5,4.7,3.6
45067,7.600000000000001,6.4,4.9
45069,9.5,7.4,6.5
45071,4.600000000000001,3.3,2.8
45073,5.2,3.6,3.1
45075,8.8,6.9,5.0
45077,5.2,3.5,3.1
45079,5.7,4.100000000000001,3.3
45081,4.2,3.1,2.9
45083,6.300000000000001,3.9,3.1
45085,6.5,4.5,3.8
45087,8.9,6.300000000000001,4.7
45089,8.0,6.0,4.800000000000001
45091,5.800000000000001,3.6,3.1
46003,2.9,2.0,1.9
46005,3.5,2.4,1.9
46007,4.600000000000001,3.6,3.3
46009,3.7,2.4,1.9
46011,4.0,2.7,2.1
46013,4.0,2.6,2.3
46015,4.0,2.1,1.7
46017,7.4,4.600000000000001,4.5
46019,4.9,2.9,1.9
46021,3.2,2.7,2.6
46023,5.800000000000001,3.2,2.3
46025,3.6,3.2,2.3
46027,4.100000000000001,2.5,2.1
46029,4.5,2.6,2.0
46031,4.5,4.0,3.0
46033,5.5,3.4,2.8
46035,3.8,2.4,1.9
46037,5.2,3.6,3.0
46039,4.800000000000001,3.6,2.9
46041,6.800000000000001,4.9,5.7
46043,2.6,2.1,2.0
46045,2.6,2.2,1.9
46047,5.4,3.4,2.3
46049,3.2,2.3,2.0
46051,3.6,2.9,2.6
46053,3.4,2.4,1.9
46055,2.3,2.4,1.9
46057,3.1,2.2,2.0
46059,2.4,2.1,1.7
46061,4.600000000000001,3.4,2.6
46063,3.2,2.4,2.0
46065,3.0,2.1,1.7
46067,3.4,2.7,2.3
46069,2.8,2.3,2.1
46071,3.8,3.8,3.0
46073,2.3,1.7,1.3
46075,3.4,2.7,2.5
46077,3.3,2.5,1.9
46079,3.4,2.6,2.1
46081,5.7,2.6,1.9
46083,3.3,2.1,1.6
46085,5.300000000000001,3.8,2.5
46087,3.4,2.4,1.7
46089,4.7,3.5,2.7
46091,4.3,3.0,2.8
46093,4.5,2.6,2.1
46095,5.800000000000001,3.9,3.1
46097,4.4,2.7,1.9
46099,4.100000000000001,2.4,1.9
46101,4.7,2.4,2.2
46102,8.9,7.4,4.9
46103,4.800000000000001,2.7,2.0
46105,3.3,2.6,2.1
46107,2.9,2.6,2.3
46109,5.800000000000001,3.9,3.3
46111,3.7,2.6,2.1
46115,3.7,2.7,2.4
46117,3.5,2.5,1.9
46119,2.5,3.2,1.6
46121,5.9,4.100000000000001,3.7
46123,2.8,2.0,1.7
46125,3.6,2.3,1.9
46127,4.600000000000001,3.0,2.2
46129,5.5,4.7,3.5
46135,4.2,2.3,1.8
46137,4.100000000000001,3.9,3.7
47001,6.7,4.0,3.3
47003,8.0,4.3,3.4
47005,7.9,5.0,4.100000000000001
47007,8.4,5.5,5.300000000000001
47009,6.4,3.6,3.1
47011,6.600000000000001,4.3,3.6
47013,7.600000000000001,5.0,4.100000000000001
47015,6.5,3.6,3.0
47017,7.4,4.7,3.9
47019,6.800000000000001,4.4,3.6
47021,5.7,3.3,2.7
47023,5.600000000000001,3.4,3.0
47025,7.4,4.3,3.8
47027,7.800000000000001,5.5,4.600000000000001
47029,10.4,5.800000000000001,5.100000000000001
47031,8.0,4.3,3.4
47033,5.800000000000001,3.7,3.2
47035,7.5,5.0,4.3
47037,8.3,4.4,2.8
47039,8.6,6.0,4.5
47041,9.1,4.7,3.8
47043,6.0,3.6,3.0
47045,7.9,4.800000000000001,3.6
47047,6.2,4.3,3.5
47049,6.300000000000001,4.2,3.8
47051,8.0,4.100000000000001,3.5
47053,6.800000000000001,4.5,3.5
47055,8.3,4.5,3.3
47057,7.100000000000001,4.5,3.8
47059,8.1,4.600000000000001,4.0
47061,10.0,5.800000000000001,4.5
47063,7.100000000000001,4.2,3.6
47065,7.100000000000001,4.3,3.4
47067,8.200000000000001,5.0,4.2
47069,7.9,6.300000000000001,4.2
47071,7.0,4.7,4.0
47073,7.7,4.7,3.9
47075,8.700000000000001,6.100000000000001,4.5
47077,8.1,4.600000000000001,3.6
47079,7.100000000000001,4.3,4.0
47081,5.800000000000001,3.7,2.9
47083,7.800000000000001,5.100000000000001,4.4
47085,6.2,4.100000000000001,3.5
47087,7.9,4.600000000000001,3.9
47089,7.5,4.3,3.6
47091,6.300000000000001,3.7,3.4
47093,5.9,3.4,2.9
47095,8.1,6.100000000000001,5.0
47097,8.8,6.2,4.7
47099,7.800000000000001,4.5,3.5
47101,7.5,5.0,3.6
47103,8.4,4.2,3.2
47105,6.2,3.6,3.2
47107,7.800000000000001,4.800000000000001,4.0
47109,8.4,5.600000000000001,4.600000000000001
47111,6.5,3.9,3.1
47113,7.5,4.7,3.4
47115,7.600000000000001,4.600000000000001,3.9
47117,9.1,4.800000000000001,3.3
47119,8.1,5.0,3.0
47121,8.700000000000001,5.100000000000001,4.4
47123,8.0,4.0,3.4
47125,7.600000000000001,4.7,3.7
47127,5.300000000000001,2.8,2.5
47129,6.300000000000001,4.600000000000001,3.8
47131,6.800000000000001,4.9,3.9
47133,6.300000000000001,3.8,3.4
47135,9.600000000000001,7.600000000000001,5.4
47137,6.0,4.0,3.8
47139,6.800000000000001,4.4,3.7
47141,6.5,3.9,3.4
47143,9.600000000000001,5.100000000000001,4.3
47145,6.4,4.2,3.7
47147,6.100000000000001,3.5,2.8
47149,7.0,3.6,2.7
47151,8.4,5.300000000000001,4.9
47153,7.800000000000001,4.7,4.100000000000001
47155,9.8,4.100000000000001,3.2
47157,9.600000000000001,7.0,4.5
47159,6.100000000000001,3.5,3.0
47161,6.4,4.3,3.9
47163,7.100000000000001,4.4,3.5
47165,6.5,3.5,2.7
47167,6.7,4.5,3.6
47169,6.300000000000001,3.9,3.0
47171,7.9,5.100000000000001,4.3
47173,6.9,4.2,3.8
47175,8.5,5.2,4.2
47177,8.9,5.0,4.2
47179,6.300000000000001,3.8,3.2
47181,6.800000000000001,4.3,4.5
47183,5.7,4.0,3.5
47185,7.100000000000001,4.100000000000001,3.5
47187,4.7,2.6,2.4
47189,6.4,3.4,2.6
48001,5.7,4.9,3.4
48003,8.200000000000001,5.7,3.2
48005,7.7,6.4,4.600000000000001
48007,8.4,7.2,5.300000000000001
48009,5.300000000000001,4.3,3.4
48011,4.3,3.7,2.8
48013,8.6,6.100000000000001,4.0
48015,6.7,5.5,3.9
48017,4.800000000000001,5.0,4.2
48019,5.800000000000001,4.800000000000001,3.7
48021,6.0,4.5,3.3
48023,3.4,3.4,2.7
48025,9.9,8.5,5.800000000000001
48027,7.0,5.800000000000001,4.4
48029,7.600000000000001,5.300000000000001,3.7
48031,3.9,3.4,2.8
48033,3.4,2.3,1.9
48035,5.5,4.600000000000001,3.7
48037,7.4,5.9,4.600000000000001
48039,8.6,6.800000000000001,4.5
48041,5.300000000000001,4.100000000000001,3.1
48043,6.600000000000001,4.600000000000001,3.4
48045,4.7,4.800000000000001,3.5
48047,10.7,9.1,6.0
48049,6.5,5.2,4.3
48051,6.4,4.9,3.6
48053,4.800000000000001,3.8,3.0
48055,6.5,4.9,3.5
48057,5.800000000000001,4.9,3.7
48059,5.5,4.7,3.6
48061,10.1,8.0,5.7
48063,7.4,5.9,4.5
48065,4.2,3.9,3.1
48067,7.9,6.600000000000001,4.7
48069,3.6,3.6,3.1
48071,9.4,8.1,5.300000000000001
48073,8.0,6.4,4.4
48075,3.7,3.7,2.8
48077,5.5,5.0,3.8
48079,7.2,6.300000000000001,4.800000000000001
48081,5.5,4.800000000000001,3.5
48083,7.4,6.0,4.3
48085,6.300000000000001,4.4,3.2
48087,4.2,4.5,3.5
48089,5.600000000000001,4.800000000000001,3.5
48091,6.100000000000001,4.600000000000001,3.5
48093,5.5,4.600000000000001,3.5
48095,4.5,4.3,3.1
48097,7.100000000000001,5.100000000000001,3.4
48099,6.600000000000001,5.7,4.5
48101,4.9,4.5,2.7
48103,13.7,9.3,5.0
48105,8.9,6.600000000000001,4.0
48107,5.4,5.600000000000001,4.100000000000001
48109,6.600000000000001,4.800000000000001,2.9
48111,2.8,2.7,2.4
48113,7.800000000000001,5.600000000000001,3.7
48115,8.700000000000001,6.800000000000001,4.4
48117,3.6,3.7,3.0
48119,5.5,4.9,4.0
48121,6.4,4.4,3.2
48123,6.100000000000001,4.9,3.4
48125,6.2,5.2,4.800000000000001
48127,6.4,5.600000000000001,3.8
48129,4.4,4.2,3.6
48131,12.2,8.0,4.5
48133,6.7,5.7,4.600000000000001
48135,11.1,8.0,3.9
48137,3.6,4.3,2.8
48139,6.0,4.5,3.5
48141,8.3,6.2,4.3
48143,5.7,4.5,3.5
48145,6.100000000000001,5.300000000000001,4.100000000000001
48147,4.7,4.100000000000001,3.5
48149,4.7,4.3,3.5
48151,4.5,4.2,3.5
48153,6.2,5.7,4.100000000000001
48155,4.2,3.4,3.2
48157,7.600000000000001,5.9,3.9
48159,5.4,4.4,3.2
48161,8.4,7.2,5.300000000000001
48163,5.7,4.800000000000001,3.4
48165,5.600000000000001,4.600000000000001,3.0
48167,8.8,6.600000000000001,4.4
48169,6.800000000000001,4.9,4.100000000000001
48171,4.800000000000001,3.4,2.6
48173,3.6,3.1,2.6
48175,7.800000000000001,6.5,4.4
48177,5.4,4.3,3.2
48179,8.1,6.600000000000001,4.5
48181,5.9,4.7,3.7
48183,8.3,6.4,4.2
48185,8.1,6.600000000000001,4.5
48187,6.100000000000001,4.5,3.4
48189,6.800000000000001,6.100000000000001,4.9
48191,5.800000000000001,5.5,4.2
48193,4.600000000000001,4.100000000000001,3.4
48195,3.5,3.1,2.4
48197,4.4,4.3,3.5
48199,8.9,7.9,5.2
48201,9.0,6.4,4.2
48203,7.9,6.600000000000001,4.5
48205,2.0,2.2,2.0
48207,4.3,4.0,3.0
48209,6.300000000000001,4.100000000000001,3.0
48211,4.600000000000001,4.4,3.3
48213,6.4,5.2,3.8
48215,11.7,9.1,6.5
48217,6.300000000000001,5.0,3.9
48219,8.0,5.9,3.7
48221,6.600000000000001,5.2,3.7
48223,5.100000000000001,4.4,3.5
48225,5.300000000000001,4.9,3.6
48227,8.1,6.4,5.100000000000001
48229,8.1,5.7,4.0
48231,6.600000000000001,5.2,3.9
48233,7.2,5.9,4.5
48235,6.100000000000001,4.800000000000001,3.0
48237,7.0,5.5,3.8
48239,5.800000000000001,5.0,3.5
48241,11.3,9.600000000000001,6.4
48243,5.100000000000001,4.3,3.4
48245,12.0,9.8,6.2
48247,9.600000000000001,8.700000000000001,5.4
48249,13.0,9.9,5.7
48251,6.5,4.9,3.5
48253,7.100000000000001,6.100000000000001,4.3
48255,6.300000000000001,5.2,3.3
48257,6.4,4.9,3.7
48259,5.100000000000001,3.9,3.1
48261,5.600000000000001,5.9,6.100000000000001
48263,3.9,2.9,2.1
48265,5.9,4.600000000000001,3.6
48267,5.0,4.2,3.4
48269,1.7,0.9,0.9
48271,6.0,5.600000000000001,4.7
48273,8.5,7.0,4.800000000000001
48275,5.600000000000001,4.7,3.9
48277,6.4,5.5,4.3
48279,5.2,5.0,4.0
48281,5.4,4.9,3.7
48283,6.7,4.3,2.8
48285,5.2,4.5,3.3
48287,5.0,4.4,3.5
48289,7.800000000000001,7.0,5.2
48291,10.5,9.0,5.800000000000001
48293,7.100000000000001,6.2,4.600000000000001
48295,4.100000000000001,3.8,3.1
48297,7.5,6.7,4.2
48299,5.800000000000001,4.9,3.8
48301,1.7,1.0,0.6000000000000001
48303,5.800000000000001,4.600000000000001,3.4
48305,5.5,4.3,3.5
48307,7.600000000000001,6.4,4.2
48309,6.2,4.800000000000001,3.6
48311,2.8,2.3,1.8
48313,7.2,6.2,4.3
48315,8.3,6.800000000000001,5.0
48317,6.100000000000001,4.800000000000001,3.1
48319,5.600000000000001,4.800000000000001,3.3
48321,10.5,8.1,5.9
48323,15.2,12.3,7.9
48325,6.4,5.0,3.8
48327,5.100000000000001,4.800000000000001,3.8
48329,8.1,5.5,2.9
48331,7.2,5.800000000000001,4.3
48333,4.100000000000001,4.5,4.2
48335,7.9,7.0,4.4
48337,6.7,5.2,3.6
48339,7.5,5.800000000000001,3.9
48341,3.7,3.4,2.6
48343,11.3,10.2,6.300000000000001
48345,4.600000000000001,5.100000000000001,4.100000000000001
48347,6.600000000000001,5.5,4.3
48349,6.2,5.100000000000001,3.9
48351,11.2,10.2,6.800000000000001
48353,5.4,4.7,3.7
48355,8.9,6.800000000000001,4.7
48357,5.800000000000001,4.600000000000001,3.4
48359,3.9,3.6,3.0
48361,10.6,8.8,5.7
48363,7.0,5.7,3.8
48365,8.4,6.600000000000001,4.600000000000001
48367,5.800000000000001,4.5,3.3
48369,2.6,2.9,2.4
48371,8.3,6.9,4.0
48373,8.8,7.9,5.5
48375,5.5,4.3,3.2
48377,14.9,10.2,6.2
48379,4.7,3.9,3.4
48381,4.5,3.6,2.8
48383,9.8,7.300000000000001,3.5
48385,6.600000000000001,6.0,4.600000000000001
48387,6.4,5.9,5.100000000000001
48389,7.2,5.800000000000001,3.4
48391,8.3,6.600000000000001,4.7
48393,4.5,4.2,3.8
48395,6.4,5.2,3.8
48397,5.9,4.4,3.3
48399,4.9,4.100000000000001,3.3
48401,7.4,6.0,4.2
48403,10.9,9.4,7.0
48405,9.600000000000001,8.1,5.800000000000001
48407,8.1,7.300000000000001,4.800000000000001
48409,10.2,8.700000000000001,6.0
48411,5.2,4.7,3.5
48413,6.9,5.5,3.5
48415,8.3,6.600000000000001,4.100000000000001
48417,5.300000000000001,4.0,2.7
48419,6.800000000000001,5.4,4.2
48421,3.1,3.1,2.8
48423,6.800000000000001,5.2,3.7
48425,6.600000000000001,5.2,3.8
48427,17.5,15.6,11.0
48429,6.100000000000001,4.9,3.7
48431,6.5,5.100000000000001,4.0
48433,5.100000000000001,4.2,3.0
48435,9.9,8.1,5.7
48437,5.2,5.0,4.0
48439,7.4,5.300000000000001,3.6
48441,5.5,4.4,3.3
48443,4.5,3.6,3.4
48445,7.300000000000001,6.0,4.100000000000001
48447,4.9,2.9,3.1
48449,6.7,5.4,4.3
48451,6.4,4.9,3.4
48453,6.4,4.100000000000001,2.8
48455,8.1,7.300000000000001,5.2
48457,9.9,8.5,6.0
48459,7.7,6.2,4.3
48461,5.7,5.2,2.7
48463,6.4,5.5,4.4
48465,8.4,5.9,4.5
48467,6.2,4.800000000000001,3.5
48469,8.3,6.300000000000001,4.2
48471,7.2,6.300000000000001,4.7
48473,7.600000000000001,6.300000000000001,4.3
48475,9.5,6.9,3.7
48477,5.7,5.300000000000001,4.0
48479,8.5,6.300000000000001,4.100000000000001
48481,6.800000000000001,5.7,3.8
48483,6.100000000000001,6.2,3.9
48485,6.7,5.300000000000001,3.9
48487,5.9,6.600000000000001,4.9
48489,12.0,10.1,8.200000000000001
48491,5.800000000000001,4.0,2.9
48493,5.7,4.4,3.3
48495,9.5,7.5,3.9
48497,6.600000000000001,4.9,3.5
48499,6.600000000000001,5.7,4.5
48501,12.0,7.600000000000001,4.0
48503,5.300000000000001,4.600000000000001,3.4
48505,12.3,11.7,6.9
48507,14.3,12.4,8.6
49001,4.100000000000001,2.9,2.7
49003,4.5,2.5,2.3
49005,3.0,2.0,2.0
49007,5.4,3.9,3.5
49009,4.600000000000001,3.6,4.5
49011,4.2,2.5,2.2
49013,8.0,4.800000000000001,3.2
49015,4.800000000000001,3.9,3.3
49017,10.4,6.4,5.9
49019,9.600000000000001,4.4,3.2
49021,4.600000000000001,2.9,2.4
49023,3.1,2.0,2.0
49025,5.4,2.9,2.5
49027,3.3,2.4,2.3
49029,3.4,2.2,2.0
49031,6.2,4.3,4.100000000000001
49033,3.5,2.3,2.5
49035,5.2,2.8,2.3
49037,10.5,6.2,4.4
49039,3.8,2.9,2.7
49041,4.3,3.3,2.8
49043,7.4,2.9,2.1
49045,4.800000000000001,2.9,2.5
49047,9.5,5.5,3.6
49049,3.9,2.4,2.1
49051,6.600000000000001,2.9,2.3
49053,5.5,3.0,2.5
49055,7.7,4.800000000000001,4.4
49057,4.9,2.9,2.5
50001,4.600000000000001,3.0,2.4
50003,6.600000000000001,4.7,3.2
50005,6.0,4.0,3.1
50007,4.800000000000001,3.1,2.1
50009,7.7,5.2,4.0
50011,5.2,3.7,2.6
50013,5.9,4.2,3.3
50015,7.800000000000001,4.3,3.4
50017,5.300000000000001,3.5,2.6
50019,7.7,5.0,4.4
50021,6.800000000000001,4.5,3.3
50023,4.9,3.3,2.4
50025,6.800000000000001,4.800000000000001,2.9
50027,6.0,3.6,2.2
51001,6.7,4.3,3.3
51003,5.600000000000001,3.3,2.7
51005,6.800000000000001,4.100000000000001,3.3
51007,6.0,3.6,2.9
51009,5.800000000000001,3.7,3.1
51011,6.0,3.9,3.2
51013,4.600000000000001,3.0,2.1
51015,4.800000000000001,3.1,2.6
51017,10.3,4.4,2.5
51019,5.300000000000001,3.4,2.9
51021,5.9,3.5,2.9
51023,4.7,3.0,2.6
51025,8.200000000000001,6.2,4.600000000000001
51027,9.8,6.600000000000001,4.7
51029,7.600000000000001,5.2,3.9
51031,6.100000000000001,3.8,3.1
51033,7.0,4.3,3.2
51035,8.5,4.100000000000001,3.5
51036,6.9,4.3,3.1
51037,5.800000000000001,3.7,3.0
51041,6.100000000000001,3.6,2.8
51043,4.800000000000001,3.1,2.5
51045,5.300000000000001,3.3,3.0
51047,5.100000000000001,3.3,2.8
51049,6.300000000000001,4.3,3.4
51051,8.200000000000001,5.300000000000001,4.4
51053,6.600000000000001,4.5,3.3
51057,7.2,4.7,3.4
51059,6.0,3.5,2.5
51061,4.9,3.0,2.6
51063,5.2,3.1,2.5
51065,5.5,3.3,2.6
51067,5.600000000000001,3.6,2.9
51069,4.800000000000001,2.9,2.4
51071,6.5,3.5,3.1
51073,5.600000000000001,3.4,2.7
51075,5.0,3.1,2.7
51077,6.0,3.4,2.6
51079,5.4,3.0,2.4
51083,7.300000000000001,4.800000000000001,3.9
51085,5.0,3.0,2.4
51087,6.7,4.0,2.8
51089,7.9,4.7,3.4
51091,3.9,2.9,2.3
51093,5.2,3.5,2.8
51097,5.300000000000001,3.2,2.6
51099,4.600000000000001,2.9,2.6
51101,5.5,3.3,2.7
51103,7.600000000000001,5.300000000000001,3.6
51105,6.600000000000001,4.100000000000001,3.8
51107,5.5,3.1,2.4
51109,5.4,3.4,2.7
51111,5.5,3.8,3.4
51113,4.0,2.5,2.2
51115,5.100000000000001,3.2,2.9
51117,7.0,4.7,3.6
51119,5.300000000000001,3.4,2.7
51121,4.9,3.0,2.8
51125,5.9,3.5,2.8
51127,4.7,3.0,2.4
51131,8.1,5.2,3.5
51133,6.600000000000001,4.800000000000001,4.0
51135,5.300000000000001,3.7,3.1
51137,5.800000000000001,3.6,3.0
51139,7.600000000000001,4.600000000000001,3.4
51141,7.100000000000001,4.5,3.6
51143,6.7,4.0,3.1
51145,5.0,2.9,2.5
51147,6.7,4.9,3.9
51149,6.7,4.5,3.4
51153,6.7,3.9,2.7
51155,8.1,4.0,3.1
51157,4.7,2.9,2.5
51159,5.100000000000001,3.5,2.9
51161,5.300000000000001,3.2,2.6
51163,5.7,3.7,2.9
51165,4.9,3.0,2.6
51167,6.9,4.4,3.6
51169,5.600000000000001,3.6,3.2
51171,5.5,3.6,2.8
51173,6.7,4.2,3.2
51175,5.100000000000001,3.5,2.8
51177,6.2,3.8,2.9
51179,5.800000000000001,3.7,2.9
51181,5.9,3.8,3.0
51183,8.9,6.4,4.2
51185,7.9,5.300000000000001,4.2
51187,6.0,3.6,2.9
51191,6.0,3.6,2.9
51193,6.100000000000001,4.4,3.2
51195,7.800000000000001,5.2,4.100000000000001
51197,8.0,4.100000000000001,3.1
51199,5.7,3.3,2.8
51510,6.2,3.8,2.4
51520,7.800000000000001,4.7,3.4
51530,5.800000000000001,3.9,3.1
51540,6.7,3.7,2.6
51550,6.300000000000001,3.8,2.9
51570,7.4,4.7,3.2
51580,10.0,5.800000000000001,4.100000000000001
51590,10.0,6.4,4.600000000000001
51595,11.4,7.7,4.7
51600,6.0,3.4,2.4
51610,4.0,2.7,2.2
51620,8.700000000000001,6.7,4.100000000000001
51630,7.4,4.7,3.4
51640,8.0,4.2,3.1
51650,8.8,5.5,3.8
51660,6.600000000000001,4.100000000000001,3.4
51670,11.2,7.2,4.4
51678,7.2,5.0,4.100000000000001
51680,7.5,5.100000000000001,3.9
51683,6.800000000000001,3.9,2.6
51685,6.9,3.8,2.5
51690,11.3,7.300000000000001,4.600000000000001
51700,9.0,5.5,3.6
51710,9.0,5.600000000000001,3.5
51720,7.7,5.0,3.8
51730,14.7,10.2,5.600000000000001
51735,4.4,2.8,2.5
51740,9.8,6.5,3.9
51750,6.5,4.100000000000001,3.5
51760,9.1,5.300000000000001,3.4
51770,8.0,4.800000000000001,3.2
51775,6.0,3.6,2.9
51790,6.5,3.8,2.7
51800,6.7,4.4,3.1
51810,6.5,3.7,2.8
51820,6.9,4.100000000000001,3.0
51830,8.4,4.800000000000001,4.100000000000001
51840,6.2,3.5,2.7
53001,7.100000000000001,5.5,5.100000000000001
53003,5.100000000000001,3.8,3.9
53005,8.1,5.7,5.0
53007,8.200000000000001,5.4,4.800000000000001
53009,10.1,6.600000000000001,6.0
53011,8.4,5.5,4.7
53013,7.2,5.5,5.5
53015,9.200000000000001,6.4,5.7
53017,8.4,5.7,5.300000000000001
53019,11.4,9.0,9.600000000000001
53021,8.8,6.7,6.2
53023,8.3,6.100000000000001,7.0
53025,8.700000000000001,6.7,6.0
53027,11.7,7.800000000000001,6.7
53029,8.200000000000001,5.7,4.9
53031,9.4,6.300000000000001,5.600000000000001
53033,7.7,4.100000000000001,2.9
53035,7.600000000000001,5.2,4.5
53037,8.9,6.4,5.800000000000001
53039,8.1,6.2,5.800000000000001
53041,9.3,6.4,6.0
53043,6.7,5.100000000000001,5.4
53045,9.8,7.0,6.300000000000001
53047,8.8,6.7,6.4
53049,10.9,7.9,6.800000000000001
53051,10.3,7.7,6.9
53053,9.5,6.100000000000001,5.100000000000001
53055,8.0,5.0,3.9
53057,9.700000000000001,6.4,5.300000000000001
53059,9.1,6.4,5.300000000000001
53061,8.700000000000001,4.800000000000001,3.2
53063,8.6,5.5,4.800000000000001
53065,9.200000000000001,6.800000000000001,6.7
53067,8.200000000000001,5.300000000000001,4.7
53069,8.6,6.800000000000001,6.800000000000001
53071,6.800000000000001,4.9,4.600000000000001
53073,9.3,6.100000000000001,4.9
53075,5.7,4.4,4.7
53077,9.5,7.0,6.4
54001,8.200000000000001,5.300000000000001,4.4
54003,6.100000000000001,3.6,2.9
54005,10.4,6.2,4.5
54007,10.2,6.800000000000001,6.100000000000001
54009,8.8,6.100000000000001,4.5
54011,7.9,4.7,3.5
54013,15.9,10.4,8.200000000000001
54015,12.4,7.800000000000001,6.0
54017,6.0,4.100000000000001,3.1
54019,9.9,6.300000000000001,4.7
54021,10.1,6.9,5.2
54023,6.4,4.5,3.7
54025,8.0,4.5,3.8
54027,5.4,3.5,2.6
54029,9.9,6.300000000000001,4.9
54031,7.100000000000001,5.0,4.0
54033,7.800000000000001,4.7,3.6
54035,8.5,5.800000000000001,4.3
54037,5.9,3.1,2.5
54039,8.700000000000001,5.300000000000001,3.8
54041,10.8,7.0,4.7
54043,10.0,6.600000000000001,5.0
54045,12.0,6.600000000000001,4.3
54047,12.3,8.4,6.300000000000001
54049,8.6,5.300000000000001,4.3
54051,9.8,6.300000000000001,5.0
54053,8.4,5.5,4.3
54055,9.200000000000001,6.100000000000001,4.5
54057,7.5,4.7,3.8
54059,14.2,8.9,5.600000000000001
54061,6.300000000000001,4.100000000000001,3.4
54063,7.0,3.8,3.4
54065,6.0,3.6,2.8
54067,10.4,6.0,4.600000000000001
54069,8.3,5.2,4.0
54071,4.9,3.1,2.6
54073,11.1,7.100000000000001,5.300000000000001
54075,9.1,5.100000000000001,4.0
54077,7.300000000000001,4.600000000000001,4.0
54079,7.300000000000001,4.3,3.3
54081,8.8,5.300000000000001,3.7
54083,9.1,5.7,4.7
54085,8.3,5.600000000000001,4.2
54087,12.2,8.5,6.300000000000001
54089,7.7,4.800000000000001,3.7
54091,7.300000000000001,4.7,3.8
54093,8.3,5.4,3.8
54095,10.6,8.0,5.9
54097,9.4,6.2,4.800000000000001
54099,8.3,5.2,4.0
54101,9.3,6.2,4.600000000000001
54103,9.9,6.800000000000001,5.600000000000001
54105,10.7,7.600000000000001,5.9
54107,8.700000000000001,5.4,4.100000000000001
54109,9.8,5.9,4.3
55001,9.700000000000001,6.2,4.800000000000001
55003,8.700000000000001,5.100000000000001,3.9
55005,6.100000000000001,3.9,3.3
55007,9.3,5.800000000000001,4.800000000000001
55009,6.100000000000001,3.5,2.6
55011,7.5,4.3,3.8
55013,9.1,5.4,4.600000000000001
55015,4.800000000000001,2.9,2.3
55017,6.300000000000001,4.0,3.3
55019,4.600000000000001,3.3,2.6
55021,6.0,3.4,2.6
55023,7.4,4.5,3.8
55025,4.9,2.9,2.2
55027,5.300000000000001,3.2,2.6
55029,6.9,4.4,3.1
55031,9.200000000000001,4.5,4.100000000000001
55033,5.600000000000001,3.6,3.1
55035,5.600000000000001,3.3,2.5
55037,8.1,4.800000000000001,3.5
55039,5.9,3.3,2.6
55041,12.7,6.7,4.7
55043,5.300000000000001,3.1,2.7
55045,4.9,3.1,2.4
55047,6.9,4.4,3.3
55049,6.2,3.4,2.6
55051,11.4,6.4,5.100000000000001
55053,9.4,5.2,3.8
55055,5.5,3.4,2.7
55057,7.300000000000001,4.3,3.2
55059,7.2,4.4,3.3
55061,4.7,2.9,2.5
55063,5.5,3.1,2.5
55065,4.3,2.7,2.4
55067,6.600000000000001,4.600000000000001,3.6
55069,6.0,3.7,3.1
55071,6.300000000000001,3.5,2.8
55073,5.0,3.0,2.5
55075,7.9,4.4,3.8
55077,6.800000000000001,4.5,3.5
55078,15.6,8.5,5.5
55079,8.4,5.4,3.7
55081,5.600000000000001,3.3,2.7
55083,6.300000000000001,3.8,3.1
55085,7.300000000000001,4.4,3.3
55087,5.600000000000001,3.2,2.5
55089,5.5,3.1,2.5
55091,5.9,3.4,3.1
55093,7.100000000000001,3.6,3.3
55095,7.2,4.3,3.8
55097,5.5,3.6,2.9
55099,6.9,4.3,3.4
55101,7.4,4.7,3.5
55103,5.2,3.6,2.8
55105,7.2,4.5,3.4
55107,6.7,4.4,3.7
55109,7.100000000000001,3.5,3.1
55111,7.600000000000001,4.100000000000001,2.8
55113,7.9,5.100000000000001,4.0
55115,6.5,3.8,2.9
55117,5.800000000000001,3.2,2.4
55119,4.9,3.4,3.4
55121,7.100000000000001,3.8,3.1
55123,5.300000000000001,3.3,2.7
55125,7.300000000000001,4.800000000000001,3.9
55127,6.100000000000001,3.7,2.9
55129,6.9,4.600000000000001,3.7
55131,5.7,3.1,2.4
55133,5.600000000000001,3.2,2.5
55135,5.600000000000001,3.6,3.0
55137,6.4,4.3,3.4
55139,5.5,3.3,2.5
55141,6.800000000000001,4.5,3.3
56001,3.7,3.4,3.1
56003,5.0,4.600000000000001,4.100000000000001
56005,7.0,5.4,3.6
56007,4.600000000000001,4.100000000000001,3.7
56009,6.0,5.0,3.1
56011,3.9,3.5,3.0
56013,6.300000000000001,4.9,4.0
56015,4.4,3.6,2.9
56017,5.0,4.0,2.9
56019,5.600000000000001,4.3,3.5
56021,5.2,4.2,3.5
56023,5.0,4.0,3.4
56025,7.9,6.2,4.0
56027,3.7,3.7,2.9
56029,5.4,4.3,3.6
56031,5.100000000000001,4.2,3.5
56033,5.0,4.4,3.3
56035,7.300000000000001,5.800000000000001,4.100000000000001
56037,7.5,5.7,4.2
56039,6.0,3.3,2.7
56041,6.4,5.2,3.8
56043,5.300000000000001,4.100000000000001,4.0
56045,3.9,3.3,2.7
72001,,11.4,8.1
72003,,8.8,7.2
72005,,9.1,7.800000000000001
72007,,9.3,6.5
72009,,8.4,7.0
72011,,7.800000000000001,6.0
72013,,8.5,6.7
72015,,9.200000000000001,8.4
72017,,10.1,8.1
72019,,8.3,7.0
72021,,7.4,4.800000000000001
72023,,8.5,6.600000000000001
72025,,6.9,4.9
72027,,7.5,7.0
72029,,7.100000000000001,4.7
72031,,7.2,4.7
72033,,8.1,5.100000000000001
72035,,6.100000000000001,5.0
72037,,8.9,6.5
72039,,11.6,8.6
72041,,5.800000000000001,4.7
72043,,8.9,7.2
72045,,9.0,6.800000000000001
72047,,10.1,7.2
72049,,6.100000000000001,2.4
72051,,6.0,4.3
72053,,9.200000000000001,6.4
72054,,10.1,7.7
72055,,13.5,9.700000000000001
72057,,7.800000000000001,6.7
72059,,10.9,9.9
72061,,4.7,3.1
72063,,5.4,4.100000000000001
72065,,8.4,11.3
72067,,8.700000000000001,6.2
72069,,7.9,6.300000000000001
72071,,8.1,6.800000000000001
72073,,12.3,8.0
72075,,7.5,6.800000000000001
72077,,8.3,6.300000000000001
72079,,12.4,9.9
72081,,13.5,11.6
72085,,7.600000000000001,6.0
72087,,8.700000000000001,5.800000000000001
72089,,8.700000000000001,6.0
72091,,7.5,6.100000000000001
72093,,11.9,9.9
72095,,11.6,11.2
72097,,8.700000000000001,7.0
72099,,9.5,8.4
72101,,9.1,7.100000000000001
72103,,7.4,6.100000000000001
72105,,10.4,7.100000000000001
72107,,9.9,8.1
72109,,11.2,10.1
72111,,10.8,9.700000000000001
72113,,8.8,7.0
72115,,9.3,8.200000000000001
72117,,8.700000000000001,8.6
72119,,8.1,5.5
72121,,10.1,8.200000000000001
72123,,10.4,8.700000000000001
72125,,9.5,7.800000000000001
72127,,6.5,4.3
72129,,7.800000000000001,6.300000000000001
72131,,12.2,10.2
72133,,9.200000000000001,7.800000000000001
72135,,6.4,4.5
72137,,6.800000000000001,4.600000000000001
72139,,5.7,3.7
72141,,9.200000000000001,8.0
72143,,9.1,7.300000000000001
72145,,10.0,7.4
72147,,11.9,6.9
72149,,11.7,10.4
72151,,10.3,8.3
72153,,11.7,10.3
