fips_code,poverty_percentage,poverty_percentage_under_18,poverty_percentage_5_17
1001,10.7,16.1,15.6
1003,10.8,16.4,15.2
1005,23,35.1,33.8
1007,20.6,29,29
1009,12,16.7,15.9
1011,32.1,41.7,43.2
1013,22.7,34.2,34.2
1015,19.2,25.2,24.7
1017,19.7,32.2,31.8
1019,18.2,26.6,25.1
1021,15.5,22.4,20.6
1023,23.3,32.4,32.4
1025,19.4,29.2,28.4
1027,18.4,27.6,26.9
1029,15,22.1,21.1
1031,15.9,24.2,20.7
1033,16.5,23.6,21
1035,22.4,33.9,33.7
1037,17.1,29.9,29.3
1039,19.8,28.3,26.5
1041,17.5,28.9,27.6
1043,13.5,17.5,16.4
1045,15.7,22.7,21.2
1047,29.5,45.4,43.7
1049,19.4,29.3,24
1051,12,17.3,16.6
1053,23.8,29.9,30.2
1055,17.4,25,24
1057,19.6,26.5,24.9
1059,18.9,25.1,24.2
1061,21.1,29.1,27.2
1063,33.2,51.8,49.1
1065,22.1,32.6,31.9
1067,15.6,24.6,23.3
1069,19.1,27.1,27
1071,18.9,27,25.9
1073,16.9,23.6,23.9
1075,17,24.7,23
1077,16.2,22.8,21.4
1079,13.9,23,21.8
1081,18,18.4,16.9
1083,9.9,11.8,11.3
1085,28.3,43,43.2
1087,27.5,42.9,42.3
1089,10.2,13.9,12.7
1091,24.6,34.2,33.8
1093,18.3,24.5,23.4
1095,15.6,22.3,22.2
1097,18.2,24.8,23
1099,22.3,33.2,32.9
1101,21.7,33.5,31.6
1103,13.5,17,15.1
1105,33.7,50.3,48.6
1107,21.1,30.1,29.1
1109,23.9,30,29
1111,21.5,30.1,28.6
1113,21.7,31,32.3
1115,12.8,16.8,15.9
1117,7.7,9.1,8.5
1119,35.1,48.1,47.3
1121,19.1,27.1,26.4
1123,18.3,27.9,26.4
1125,14.7,18.3,18.1
1127,20.2,27.7,25.5
1129,20.6,30.6,30.1
1131,32.4,49.4,50.2
1133,19,26.9,25.5
2013,18.4,15.7,13.8
2016,10.4,7,6.2
2020,9.5,11.3,10.8
2050,24.6,26.8,27.2
2060,11.3,20,19.4
2063,7.7,9.5,8.9
2066,14.3,18.5,16.3
2068,7.5,7.6,6.7
2070,21.8,31,29.9
2090,7.9,9.4,8.9
2100,10.8,17.4,16.8
2105,17,26.2,25.3
2110,7.6,8.9,8
2122,11.5,13.8,13.1
2130,11.3,13.4,12.2
2150,8.5,8.9,7.9
2158,30.4,40.6,41
2164,20.6,28,28.5
2170,10.5,11.6,10.7
2180,19.8,23.6,22.4
2185,12.4,15.5,13.4
2188,20.9,28.4,25.3
2195,8,10.5,9.3
2198,15,22.9,20.4
2220,8.6,10.7,9.6
2230,6.1,9.3,7.8
2240,12.9,15.6,14.9
2275,11.3,16.9,16
2282,12.2,19,17.4
2290,23.7,32.1,28.6
4001,28.4,34.7,31.8
4003,17.1,26,25.2
4005,16.9,19.4,17.6
4007,16.8,27.3,24.6
4009,20.4,23.3,23.7
4011,9.5,11.2,10.6
4012,20.3,31.2,30.4
4013,11.3,15.4,14.3
4015,18,30.4,28.1
4017,24.8,33.8,32.7
4019,14.7,20.4,19.7
4021,10.7,14.3,13.8
4023,20.4,30.8,27.6
4025,12.5,19.2,16.5
4027,17.3,25,25.1
5001,17.7,25.1,23.2
5003,21.3,31.2,27
5005,13.4,18.7,17.2
5007,7.9,10.9,9.2
5009,13,19.7,17.4
5011,19.6,26.8,25.2
5013,14.6,19.3,18
5015,16.8,24.7,24.1
5017,27.9,37,34.2
5019,20,24.7,22.6
5021,17.9,26,23.3
5023,16.7,26.2,24.9
5025,14.1,20.7,18.6
5027,23.2,34.1,29.5
5029,16.9,25.7,21.4
5031,18.2,24.2,22.1
5033,14.7,20.9,19.8
5035,23,32.1,30.1
5037,16.7,25,23.8
5039,20.2,32.6,29.8
5041,27.6,37.5,32.6
5043,16.5,25.2,24.5
5045,13.6,14.3,13
5047,17.2,24.9,21.3
5049,18,29.2,25.5
5051,14.5,21.2,19.6
5053,11.2,15.9,14.7
5055,12.9,18.6,15.4
5057,21.2,27.8,25.4
5059,17.8,27,25.3
5061,17.9,26.5,24.7
5063,18.9,22.3,22.3
5065,18.4,27.2,25.9
5067,22.5,29.5,26.7
5069,20.3,28.8,27
5071,18.1,23.3,21.2
5073,23.7,32.6,32.3
5075,20.4,30.3,28.8
5077,34.9,45.4,43.3
5079,22.6,25.1,21.6
5081,15.7,25,23.3
5083,15.4,21.5,21.9
5085,11,14.6,13.4
5087,15.4,22.7,21.1
5089,17.8,30.7,26.8
5091,20.4,30.2,25.9
5093,23.9,31.2,30.3
5095,25.3,36.5,35.4
5097,19.9,29.6,28.6
5099,21.2,32.2,28.3
5101,19.1,30,28.6
5103,20.2,29.4,26.7
5105,15.2,23.9,21.5
5107,35.7,45.9,43.2
5109,18.6,25.2,22.4
5111,22.2,30.3,27.3
5113,19.3,28.8,26.4
5115,18,23.1,21.3
5117,15.7,23.5,22.3
5119,17.6,24.9,24.6
5121,17,24.4,24.1
5123,32.2,42.2,37.8
5125,8.5,12.1,11
5127,17.3,29.5,26.6
5129,20.9,32,30
5131,19.5,23.4,22.4
5133,18.3,26,23.7
5135,18.3,28.4,26.3
5137,20.8,34.7,32.9
5139,17.8,23.9,22.2
5141,17.1,27.1,24.5
5143,12.4,15.2,13.7
5145,16.3,20.6,17.4
5147,25.2,33.7,32.1
5149,15.1,21.5,19.9
6001,9.4,9.9,10.5
6003,15.8,27.2,22.6
6005,11.1,13.5,12.5
6007,16.6,18.3,17.6
6009,13.5,18.3,17
6011,11.4,15.6,14.6
6013,8.8,11.3,10.6
6015,21.4,27.2,24.5
6017,8.8,10.5,9.2
6019,19.4,26.8,26.3
6021,15.5,21.4,19.2
6023,19.4,23.8,24.6
6025,17.3,21.6,21.4
6027,12.8,16.9,15.9
6029,18.5,25.3,24.2
6031,17.7,22.6,21.3
6033,16.5,25,23.9
6035,18.8,20.2,19.4
6037,14.1,18.4,18.5
6039,20.4,27.7,26
6041,7.8,7.9,7
6043,14.1,22,21.3
6045,16.1,22.3,21.4
6047,21.9,28.8,28.5
6049,19.9,29.8,28.3
6051,9.8,12.1,11.4
6053,12.1,15.5,14.7
6055,9,10.1,9.2
6057,11.8,14.7,13.7
6059,9.9,11,10.5
6061,6.6,7.2,6.9
6063,13,21.8,20
6065,11.6,16,15.9
6067,13,16.9,16.3
6069,8.9,11.1,10.3
6071,13.2,17.1,16.6
6073,10.7,12.3,11.7
6075,11.4,11.7,12.3
6077,12.3,15.7,14.6
6079,13.1,13.8,12.2
6081,6.8,6.5,6.1
6083,15.2,16.8,15.9
6085,6.9,7.4,7.2
6087,10.6,12.3,11
6089,14,18,17.4
6091,12.3,16.2,15.3
6093,16.8,23.3,21.9
6095,10,12.6,11.5
6097,9.1,10.4,9.8
6099,14.1,19.4,19
6101,15.5,22.3,20.6
6103,15.6,20.6,19.4
6105,19.1,29.2,26.7
6107,18.7,24.4,22.8
6109,13.2,17.3,16.4
6111,8.9,12.1,11.6
6113,14.8,11.6,10.5
6115,15.6,21.9,20.6
8001,10,12.9,12.4
8003,18.3,23.4,22
8005,8.7,11.5,11.2
8007,11.4,20.3,19.4
8009,20.3,27,25.5
8011,30,28.8,27.2
8013,10.7,8.6,7.5
8014,4.9,5.3,4.8
8015,10.4,12.8,11.9
8017,12.9,20.2,18.2
8019,7.6,12.2,11.3
8021,16.7,22.7,20.1
8023,23.1,36,33.3
8025,37.8,31,27.2
8027,10.5,22.4,22.6
8029,13.9,21.1,19.1
8031,11.7,15.8,15.5
8033,13.9,19.3,16.7
8035,2.9,2.8,2.4
8037,7.1,7.5,6.5
8039,5.4,7.1,6.1
8041,9.6,11.5,10.4
8043,15.9,19.4,18
8045,9.2,12.5,11.7
8047,6.9,10.3,7.3
8049,7.2,10.1,9.2
8051,12.3,12.1,10.7
8053,7.6,17.2,16.7
8055,18.6,31.9,28.7
8057,14.8,26,24.9
8059,7.3,8,6.9
8061,12.5,19.5,18
8063,12.1,17.8,16.8
8065,11.3,15.9,14.8
8067,10.1,12.1,11.1
8069,11.2,10.6,9.3
8071,21,29,27.4
8073,14.9,20.2,19.7
8075,16.4,18.1,17.9
8077,10.6,14.4,13.3
8079,9.6,16.2,15.5
8081,10.8,14.4,12.1
8083,15.2,23.5,20.9
8085,12.5,18.7,17.7
8087,12.4,16.3,15
8089,19.7,28.7,26.7
8091,6.4,8.5,7.4
8093,7.3,11.4,10.2
8095,11.9,16.4,15.5
8097,6.7,6.2,5.9
8099,19.2,25.2,22.9
8101,16.2,19.4,17.8
8103,10.2,12.8,11.2
8105,14.4,21,20.5
8107,6,6.6,6.1
8109,21.6,34.7,29.7
8111,13.8,26.1,23.3
8113,9,9.5,8.2
8115,14.2,21.3,18.6
8117,6.7,7.4,6.4
8119,7.9,13.6,12.2
8121,11.6,16.9,15.2
8123,9.8,11.3,11
8125,13.5,18.2,16.7
10001,12.2,17.5,15.2
10003,11.4,14.8,13.9
10005,11.5,18.9,18.1
11001,16.8,25.5,25.5
12001,19.1,16.2,16.3
12003,16.1,22.3,21.3
12005,13.9,23.8,22.3
12007,19.1,24.8,21.5
12009,11.3,17.3,14.6
12011,12.8,16.5,15.9
12013,20.6,28.8,26.8
12015,10.9,19.2,18.6
12017,15.5,24.9,24
12019,8,12.1,11.4
12021,10.4,17.3,17.8
12023,16.5,22.7,22
12027,25.5,36.7,36.8
12029,23.4,32.7,31.4
12031,14.9,20.9,20.5
12033,18.5,28.1,28
12035,10.3,19.2,17.4
12037,21,35,32.6
12039,25.8,42.4,39.3
12041,15.3,22.5,22.3
12043,19.2,24.7,22.1
12045,15.7,25.2,23.2
12047,25.7,35.7,35.2
12049,21.9,26.2,24.4
12051,21.7,28.3,26.6
12053,12,18,17.5
12055,15.1,22.8,21.6
12057,14.3,19.5,19.4
12059,20,30.3,29.5
12061,11.7,19.3,18.7
12063,20.6,26.9,26.7
12065,16.4,25.4,23.6
12067,18.9,28.2,24.6
12069,10,15.9,15.1
12071,12.2,18.1,16.9
12073,16.2,16.1,16.3
12075,18.8,32.8,31.6
12077,23.1,27.8,27.2
12079,21.8,31.2,31
12081,9.9,15.8,14.7
12083,13.6,20.7,19.2
12085,11.4,16.9,15.3
12086,15.2,18.1,16.5
12087,11,17.4,17.3
12089,9.9,14.3,12.4
12091,9.7,14.6,13
12093,20.9,30.4,29.1
12095,14.9,20.4,19.2
12097,13.3,20.4,19.9
12099,11.6,15.9,15.4
12101,11.6,16.8,16.1
12103,12.3,15.7,16
12105,15.6,22.7,21.2
12107,26.3,41.1,40.3
12109,6.3,6.6,5.9
12111,11.4,18.4,17.7
12113,8.9,12,10.1
12115,8.6,13.3,13
12117,9.4,11.2,10.2
12119,9.5,25.6,23.8
12121,20.6,28.4,27.3
12123,20.1,28.6,28
12125,22.7,24.3,23.2
12127,13.8,19.1,18.5
12129,10.1,16.8,15.6
12131,12.4,18.8,17.6
12133,19.2,28.1,27.6
13001,18.2,27.6,26.2
13003,23.8,38.7,36.2
13005,23.4,35.7,33.3
13007,25.9,41.5,40.3
13009,24.4,31.6,26.9
13011,12.8,19.4,18.5
13013,9.6,13.3,13.3
13015,11.6,17.3,16.9
13017,22.1,34.4,32.2
13019,17.2,27.9,26.7
13021,24.5,39,37.2
13023,19,28.8,26.4
13025,18.4,27.4,26.1
13027,23.5,36,34.9
13029,8.1,11.2,10.5
13031,21.3,25.3,24
13033,20.7,30.5,28.5
13035,14,20.6,20.3
13037,34,39.1,36.5
13039,11.8,16.6,16.7
13043,22,34,31.8
13045,16.3,20,19.2
13047,11.6,17.2,15.9
13049,24.6,33.5,31
13051,15.5,24.1,24.4
13053,16.5,17.1,18.8
13055,20.2,28.6,27.9
13057,7,9.2,8.9
13059,21.5,25.4,24.8
13061,24.3,38.6,36.3
13063,18.9,29.1,27.5
13065,23.9,31.4,28.6
13067,9.6,12.2,11.3
13069,26,35,35.4
13071,22.4,30.8,26.2
13073,7.3,9.2,8.7
13075,20.1,30.5,27.6
13077,8.1,12.5,11.7
13079,16.3,26.3,23.3
13081,24.2,38.6,36.6
13083,11.3,16.7,16.4
13085,9,13.9,13.3
13087,23.8,35.7,36.2
13089,14.5,22.4,23
13091,25.6,31.7,31.7
13093,22.5,33.8,31.9
13095,26.1,38.4,38.9
13097,12.8,20.8,19.9
13099,26.1,41.5,40.7
13103,9.2,12.6,11.6
13105,19.2,30.3,29.5
13107,24.1,33.2,29.8
13109,23.9,37.1,34.3
13111,13.2,22.9,21.6
13113,6.5,8.6,7.4
13115,16.2,25.2,24.1
13117,5.3,5.6,5.2
13119,16.5,27.7,24.1
13121,13.7,19.3,19.3
13123,14,23.3,21.8
13125,15.3,19.4,18.2
13127,16.5,26.1,25.6
13129,12.8,17.5,17
13131,22.4,31.3,29.5
13133,14,26.4,24.3
13135,10.8,15.6,15.2
13137,13.3,19,18.1
13139,12.1,16.1,14.3
13141,30.5,44,40.1
13143,14.9,20.6,19
13145,8.2,9.7,9
13147,15.8,24,23.3
13149,17.2,26,25
13151,9.5,14,12.4
13153,11.6,16.3,15.9
13155,21.4,29.9,29
13157,11.9,13.3,12.8
13159,14.7,20.8,19.8
13161,19.4,29.9,28.5
13163,20.3,31.5,30.8
13165,27.4,37.2,35.7
13167,26.7,32.3,31.6
13169,12.5,17.5,16.5
13171,14.1,22.5,22
13173,19.8,31.4,30.8
13175,21.9,30.7,30
13177,9.8,14.8,13.3
13179,18.1,25.4,25.3
13181,16.5,26.5,26.5
13183,14.6,21.7,21.2
13185,24.4,33.3,32.8
13187,13.6,16.9,16.2
13189,19.6,31.2,29.5
13191,21.4,34.2,34.1
13193,30.3,37.6,36.8
13195,15.1,22.4,22.2
13197,21.3,32.9,30.9
13199,21.7,38.5,36.3
13201,24.2,35.8,31.4
13205,24.7,34,33.1
13207,11.7,17.1,16.4
13209,20.8,27.3,26.4
13211,10.9,18,16.9
13213,15.7,23.2,21.7
13215,20.4,29.2,29.8
13217,12.5,21.3,20.5
13219,6,6.3,5.5
13221,13.4,20,17.2
13223,7.6,11.1,10.7
13225,19.5,30,29.4
13227,10.3,16.8,15.8
13229,15.4,23,22.4
13231,9.7,12.7,11.8
13233,17.7,26.8,24.7
13235,20.9,30.8,27.2
13237,16.2,27.8,24.5
13241,12.5,21.4,22
13243,28.1,41.2,36.3
13245,21.4,33.8,32.5
13247,13.6,22.7,20.2
13249,16.1,22.6,21.3
13251,20.3,31.9,32.1
13253,23.3,36.9,34.5
13255,21.3,34.7,36.3
13257,16.7,24.1,22.9
13259,31.4,36.4,36.4
13261,27.9,39.7,38.4
13263,23.3,38.9,39.7
13265,23,37.5,36.5
13267,28,33.8,30.7
13269,22.7,34.7,34
13271,30.2,38.3,35.9
13273,26.6,42.3,39.2
13275,19.1,28.9,27.3
13277,21.4,31.8,29.5
13279,22.9,33.1,32.8
13281,13.6,21.3,21.4
13283,21.8,34.3,31.2
13285,15.6,24.6,25.1
13287,26.2,39.5,37.1
13289,21.1,32,30.9
13291,12,21.2,19.6
13293,18.8,29.1,29.1
13295,14.2,20.4,19.4
13297,10.7,15.1,14.1
13299,24.3,34.4,34.7
13301,25.6,40.1,39.1
13303,22.6,33.2,30.1
13305,24.7,32.3,31.3
13309,33.2,34.8,32.9
13311,12.5,19.8,18.9
13313,13.4,19.4,17.9
13315,27.6,35.5,32.3
13317,20.1,33.6,32.3
13319,21.2,35.7,29.7
13321,20.6,32.2,32.1
15001,14.7,19.8,19.3
15003,10,11.2,10.8
15007,11.2,13.9,13.4
15009,11.4,13.9,13
16001,8.7,9.1,7.8
16003,12.8,20,19.2
16005,12.9,14.3,12.8
16007,9.7,13.4,12.2
16009,13.7,18.3,16.6
16011,11.3,13.4,12.7
16013,7.2,8.2,7.1
16015,12,16.8,14.9
16017,11.8,17.8,15.3
16019,9.8,11.8,10.5
16021,12.1,18.7,18.2
16023,15.8,21.4,18.6
16025,9.5,13.3,10.8
16027,11,12.6,11.3
16029,9.8,12.6,11.3
16031,11.3,13.9,12.6
16033,14.3,21.2,20.8
16035,14.8,22.8,21.7
16037,12.6,20.3,18.2
16039,11.3,17.1,15.6
16041,8.2,10.1,9
16043,11.8,15.5,15
16045,12.4,15.2,14.2
16047,10.9,15,13.6
16049,13.5,18.7,17.3
16051,8,9.4,8.5
16053,12.6,15.9,15.5
16055,9.5,10.7,9.7
16057,13.6,10.3,9.4
16059,12,21.2,19.3
16061,13.2,20.9,18.9
16063,11.3,15.6,13.6
16065,17.6,13.4,12.7
16067,13.9,15,13.5
16069,15.4,16,13.3
16071,10.8,13.5,12.5
16073,14.2,19.7,18.2
16075,12,15.6,14.5
16077,12.7,16,14.7
16079,17.9,25.4,21.2
16081,7.4,9.6,8.4
16083,13.4,16.5,12.9
16085,8.3,11.2,10.3
16087,13.7,20,17.8
17001,11.8,15.6,14.6
17003,21.8,42,38.9
17005,13.5,17.6,16.1
17007,10.1,14.3,12.8
17009,16.6,13.6,13.6
17011,12.1,17.2,15.7
17013,10.1,13.2,11.7
17015,13.5,19.1,17.3
17017,11.4,15.9,15.2
17019,15,13.7,12.7
17021,12,17.4,16.4
17023,10.2,16.5,16.4
17025,14.1,18.5,17.8
17027,9.1,11.7,11.5
17029,17.4,20.4,18.4
17031,13.8,18.9,18.4
17033,13.6,17.1,15.6
17035,10.4,14.2,13.7
17037,14.2,16.8,15.4
17039,10.7,15.6,14
17041,9.1,12.9,11.6
17043,6.9,7.5,7.2
17045,13,20.4,19.3
17047,12,16.5,15.7
17049,9.3,12.4,11.3
17051,15.3,21.5,20.1
17053,11.2,15.6,14.2
17055,16.5,24,22.9
17057,15.2,21.2,18.9
17059,17.4,25.2,22.5
17061,14.1,19.1,18.2
17063,6.6,8.8,8.3
17065,13.2,19.9,19
17067,11.9,17,16.1
17069,18.7,33.3,31.4
17071,12.3,18.8,18.8
17073,9.5,12.7,12.3
17075,10.6,14.7,13.6
17077,22.3,27.9,27.2
17079,9.9,13.6,13.2
17081,15.3,19.2,19
17083,9.3,13.5,12.5
17085,8.6,12.6,11.5
17087,13.3,17,15.3
17089,8.6,12.1,11.2
17091,13.4,17.5,16.4
17093,4.9,6.1,5.7
17095,14.7,20,19.9
17097,8.5,10.2,9.3
17099,13.2,19.4,16.9
17101,19.2,24.1,22.9
17103,13.2,17,16.2
17105,11.7,15.2,14.1
17107,13.5,16.5,15.1
17109,17.9,22.1,21.2
17111,6,6.4,5.8
17113,13.4,11.5,10.6
17115,17.1,22.6,23
17117,15.4,19.8,18.6
17119,11.4,15.1,14.5
17121,15.5,22.8,19.3
17123,9.9,14.3,12.8
17125,12.4,20.5,19.6
17127,16.5,27.2,25.7
17129,8.4,13.2,12.4
17131,11,14.6,13
17133,4.5,4.5,3.8
17135,13.2,17.8,16.8
17137,14.1,19.4,17.8
17139,9.6,12.7,11.6
17141,8.4,11.7,11
17143,16.3,22,20.7
17145,16.6,20.7,19.5
17147,6.5,7.7,7.2
17149,13.7,19.3,17.7
17151,17.1,25.7,27.8
17153,22.3,35.6,33
17155,7.5,12.9,12.1
17157,15,20.3,18.8
17159,14.2,18.2,16.9
17161,16.5,23.2,21.6
17163,13.3,20.2,18.6
17165,17.6,26.5,26
17167,14.4,20.9,18.1
17169,12.3,16.6,16.2
17171,11.5,18.7,16.1
17173,10.3,14.4,13.5
17175,11.4,18.6,17.5
17177,12.1,19.4,17.8
17179,9.3,12.4,10.6
17181,17,21.2,19.8
17183,19.7,27.3,24.9
17185,14.5,19.2,16.6
17187,13.3,16.6,15.8
17189,8.5,12,11.2
17191,14.3,18.7,16.5
17193,15.7,22,20.2
17195,13.2,19.5,17.9
17197,7.9,9.8,9.2
17199,14.7,19.9,18.3
17201,14.2,20.7,20.1
17203,6.7,8.2,7.7
18001,12.6,20.8,20.4
18003,13.1,17.2,16
18005,8.1,11.4,10.5
18007,10.5,15.1,13.6
18009,12.9,20,18.9
18011,5.5,5.8,5.5
18013,10.8,14.9,13.5
18015,8.5,12.4,11.5
18017,12.1,17.4,16.7
18019,10.4,13.9,13.5
18021,11.1,17.6,16.1
18023,10.4,13.8,12.4
18025,15.4,24,21.8
18027,12.7,17.4,14
18029,7.6,10.5,9.9
18031,9.9,14.3,13.4
18033,8,12.1,11
18035,18.4,19.4,17.7
18037,7.5,8.8,7.8
18039,11.3,15.4,15.2
18041,13.6,20.8,20.1
18043,9.2,12.5,11.3
18045,10.6,15.3,13.9
18047,8.6,10.8,10.1
18049,11.1,16.7,16
18051,11.4,14.1,12.9
18053,18.8,25.5,23.2
18055,14.3,22.2,20.2
18057,3.8,3.9,3.6
18059,5.5,6.9,6.2
18061,8.5,11.5,11
18063,5.3,5.8,5.2
18065,15.1,22.8,22.6
18067,11.9,16.5,15.6
18069,10.6,13.9,13
18071,14.2,16.7,15.3
18073,8.7,12.2,11.5
18075,13.6,20.9,19.6
18077,11.6,16.1,15.6
18079,12.7,17.1,16.1
18081,7.5,9.4,8.4
18083,15,19,16.1
18085,9.4,12.3,11.6
18087,7.5,10.9,10.5
18089,13.9,20,18.5
18091,12.2,18.7,17.8
18093,12.6,17.2,16.2
18095,15.7,21.2,19.5
18097,15.1,20.9,20.1
18099,8.6,11.6,10.4
18101,11.6,15.6,14.5
18103,14.9,21.1,19.7
18105,21.1,14.4,13.7
18107,11.7,15.5,14.5
18109,10.3,12.5,11.5
18111,11.9,18.1,16.7
18113,9.1,13.1,12.3
18115,9.1,14.2,12.9
18117,14.4,21.9,21.2
18119,11.3,17.9,17.2
18121,16,21.8,20.5
18123,12.8,16.6,15.3
18125,11.3,13.9,13
18127,9.7,12,10.9
18129,9.1,11.6,10.2
18131,11.5,17.1,15.6
18133,12,15.1,13.6
18135,14,20.8,18.2
18137,8.9,12.5,11.8
18139,11,16.2,15.4
18141,14.3,18.6,16.8
18143,14.4,20.9,19.6
18145,9.9,13.7,11.8
18147,8.1,10.9,10.3
18149,14.2,20.8,19.1
18151,9.7,14.8,13.2
18153,16.2,20.6,18.4
18155,13.9,23.2,20.9
18157,17.7,14.5,12.6
18159,9,11.7,9.8
18161,11.2,17,16.1
18163,13.9,18.5,17.7
18165,12.4,16.5,15.1
18167,20.4,23.8,22.9
18169,11.2,16.1,13.7
18171,8.9,13.5,12
18173,6.8,9,8.1
18175,11.3,18.1,16.9
18177,15.9,21.7,19.7
18179,7.6,11,10.2
18181,10,14.5,14.2
18183,7.3,9.5,8.8
19001,10.2,13.8,13.1
19003,10.6,15.3,14.1
19005,9.9,15.2,15
19007,17,20.7,19.3
19009,10.2,14.5,13.5
19011,8.4,8.9,8
19013,13.5,13.5,12.7
19015,7.8,9.2,8.5
19017,7.1,6.5,6
19019,9.8,13.2,12.4
19021,10.8,12.7,12.2
19023,8.8,9.8,8.6
19025,12.1,13.4,12.8
19027,9.3,9.7,9
19029,14.4,19.1,15.8
19031,7.3,8.2,7.6
19033,11.7,13.8,13
19035,10.2,11.9,10.7
19037,8.5,8.7,8.1
19039,9.6,15.3,14.2
19041,9.4,12.2,10.5
19043,10,11.7,10.9
19045,11.5,15.5,14.6
19047,11.4,13.7,13.6
19049,5.3,5.3,4.6
19051,10.1,14.5,14.2
19053,16.5,22.7,21.1
19055,9.1,10.3,9.8
19057,13.2,18.5,17.5
19059,7.5,8.7,7.8
19061,8.1,9.4,8.9
19063,11.5,15.6,15.4
19065,11.8,14.7,14.3
19067,11.3,15.6,14.1
19069,10.1,15.4,14.5
19071,10.5,14.4,13.5
19073,11.3,14.8,13.5
19075,6.3,7,6.4
19077,9.8,11.4,10.8
19079,8.3,11.4,10.9
19081,8.7,10.6,10
19083,9.7,13.7,12.9
19085,10.4,13.4,12.6
19087,12.2,15.2,14.4
19089,9.9,13.1,12.2
19091,10,12,11.1
19093,10.7,10.9,10
19095,7.7,7.7,7.1
19097,11.8,15,14.4
19099,9.3,10.6,9.6
19101,13.5,17.9,17.3
19103,14.7,10.4,10.3
19105,10.5,11.7,10.8
19107,11.2,16.3,15.6
19109,10.5,12.2,11.9
19111,14.1,18.2,17.5
19113,9.7,10.8,10.1
19115,11.1,14.6,13.9
19117,12.9,19.8,19.6
19119,6.9,7.2,7
19121,7.4,7.7,6.6
19123,12.5,14.4,14.2
19125,8.6,8.7,7.9
19127,11.6,14,12.8
19129,8.5,9.5,8.6
19131,8.8,13,12.1
19133,12.1,15.9,15.1
19135,10.5,14.3,13.6
19137,11.7,17,15.4
19139,11.1,13.3,12.2
19141,10.2,13.6,11.6
19143,9,12.8,12.3
19145,16.2,19.7,17.8
19147,11.8,13.7,13.5
19149,7.2,8.4,7.8
19151,10.1,15.3,15.2
19153,10.1,11.6,11.3
19155,12.3,15.1,14
19157,12.6,11.6,10.8
19159,13.3,19.4,18.2
19161,10,12.8,11.8
19163,12.9,16,13.5
19165,8,9.8,9.7
19167,6.6,5.8,5.5
19169,17.9,8.2,7.2
19171,12.9,16.4,15.2
19173,12.8,16.1,15
19175,12.8,16.1,15.2
19177,12.7,20.6,20.3
19179,15.5,18.3,17.7
19181,5.4,5.7,5.1
19183,8.7,11.3,10.4
19185,13.4,20.8,20
19187,14.8,16.6,16.6
19189,10.5,14.3,12.5
19191,8.7,8.2,7.7
19193,15.5,20.1,18.8
19195,9.8,12.8,11.7
19197,10.5,15.4,15.1
20001,16.1,22.5,20.8
20003,12.1,16.1,15.5
20005,14.7,17.1,15.8
20007,10.8,16,15.5
20009,14.2,21.6,19.8
20011,15.2,22.3,20.4
20013,14,19.2,16.9
20015,9.6,11,9.9
20017,10.9,14.6,13.8
20019,15.5,23.6,23.1
20021,14.9,19.9,18.9
20023,13.8,20.8,20.1
20025,11.4,18.5,17
20027,9.7,12.9,11.6
20029,13.3,16.6,14.6
20031,9.3,12.7,12
20033,10,14.2,11.5
20035,13.9,17.8,15.8
20037,21.3,22.8,21.1
20039,12.3,19.6,19.1
20041,9.9,13,12.4
20043,12.7,14.9,14
20045,15.9,10.6,9.3
20047,12,16.1,14.6
20049,16.2,25.7,22.9
20051,12.5,11.1,10.6
20053,10.7,10.9,9.9
20055,12.5,13.5,13.7
20057,11.6,14.1,14.2
20059,10.3,12.3,11.1
20061,12.5,16.9,15.9
20063,9.8,14.4,13.9
20065,12.4,16.6,14.4
20067,11.2,15.3,14.5
20069,7.5,9.3,8.2
20071,9.5,11.5,10.2
20073,15.3,23.6,19.8
20075,11.9,16.7,15.2
20077,16.3,22.8,19.2
20079,9.6,11.9,10.5
20081,9.5,13.6,12.8
20083,9.6,10.8,10.1
20085,9.3,12.8,12.4
20087,8,9.6,8.6
20089,13.2,20.7,18.1
20091,5.9,5.3,4.6
20093,10.4,14.1,13
20095,11.7,16.4,15.5
20097,11.5,13.9,12.5
20099,16.9,20.7,19.7
20101,9.3,14.4,12.9
20103,8.7,8.7,8.3
20105,11.2,15.9,13.8
20107,11.8,16.3,15.5
20109,8.9,13.4,13.5
20111,13.8,13.8,12.7
20113,8.7,9.2,8.4
20115,10.6,11.4,10.4
20117,10.6,11.9,11.3
20119,9.7,13.1,11.9
20121,7.2,8.7,7.9
20123,10.3,13.2,13
20125,15.9,21.9,20.3
20127,10.8,14.3,13.7
20129,11.3,16,14.2
20131,8.4,9.7,9.2
20133,15,20.8,19.2
20135,9.6,12.7,11.9
20137,12.9,16.4,16
20139,10.1,13,12.1
20141,12.1,16.9,16.7
20143,10.7,13.5,12.3
20145,14.9,16.7,15.8
20147,12,13.6,13.1
20149,8,8.9,8.1
20151,11.7,13.7,12.5
20153,11.5,14.7,14.6
20155,13.1,15.5,13.8
20157,11.2,13.1,12.5
20159,12.9,17.2,14.9
20161,17.6,12.4,11.9
20163,10,13.7,13.7
20165,13.1,20.3,19.3
20167,14.5,19.8,18.1
20169,12.9,15.1,14.2
20171,7.2,9.5,8.8
20173,13.3,16.6,14.4
20175,13.7,16.1,14.7
20177,14.6,16.4,14.4
20179,11.1,13.1,12.1
20181,13.5,17.9,16.9
20183,12.1,14.8,13.9
20185,12.4,18.6,16.9
20187,10.9,13,10.7
20189,9.9,14.2,12.2
20191,12.2,15.4,14.1
20193,8.7,10.9,9.6
20195,10.5,10.6,10.3
20197,7.7,8.4,7.6
20199,12.4,19.1,19.4
20201,9.9,11.1,10.9
20203,11.3,12.7,11.2
20205,17.1,21.7,21.2
20207,14.2,18.8,17.2
20209,16.9,22.3,20.5
21001,24.2,35.1,33.4
21003,17.1,24.6,22.2
21005,9,12.8,11.7
21007,14.4,21.9,19.9
21009,19.3,26.3,27.1
21011,20.6,30.7,29.7
21013,32.1,39.4,37.4
21015,6.4,8.3,7.6
21017,15.1,20.3,19
21019,21,26.6,25.1
21021,15.5,20.9,19.6
21023,14.8,23.2,20.1
21025,31,42.6,39.7
21027,16.9,23.9,22.9
21029,11.1,13.7,13
21031,18.2,23.8,22.4
21033,16.1,23.5,22.9
21035,16.8,18.4,17.5
21037,11.1,13.4,12.8
21039,15.6,25.4,21.7
21041,17.9,25.5,23.9
21043,25.6,29.6,29.1
21045,20.7,32.1,30.1
21047,16.7,22.7,23.5
21049,11.6,17.9,17.5
21051,35.9,45.3,44.8
21053,22.6,33.5,31.3
21055,18.9,29.4,25.6
21057,22.5,31.2,30.6
21059,13.6,17.2,16.5
21061,18.4,22.9,22.6
21063,26.6,32.4,29.7
21065,22.6,30,27.2
21067,14.6,16.2,15.3
21069,17.4,24.1,22.6
21071,28,35.5,33.2
21073,13.3,18.1,16.7
21075,23.4,37.2,35.4
21077,14.7,22.8,22.4
21079,14.4,20.7,19.2
21081,12.7,19.2,18.4
21083,16.2,22.2,21
21085,18.2,23.9,23.1
21087,19.5,27.5,26
21089,14.6,18.5,16.8
21091,12.6,16.8,15.2
21093,11.7,15.6,15.4
21095,33.2,43.8,42.7
21097,14.1,20.4,19.8
21099,20.4,28.8,26.9
21101,12.4,17.7,16.2
21103,14,19.5,17.6
21105,18.6,28.4,25.6
21107,18.6,24.4,23.6
21109,25.2,36.1,34.6
21111,14.5,19.2,17.4
21113,13.8,18.1,17
21115,24.2,29.5,27
21117,12.6,16.8,16.3
21119,32,39,34.5
21121,35.1,42.2,38.1
21123,15.5,20.8,20
21125,19.5,26.7,24.8
21127,24.8,34.2,31.3
21129,33.5,43.9,42.3
21131,29.8,36.3,33.4
21133,29.1,37.3,33.3
21135,22.6,31.4,30.5
21137,19.3,24.4,23.5
21139,14.4,22.3,19.6
21141,16.6,24.7,24.8
21143,14.8,19.7,17.6
21145,17.4,24.6,22.3
21147,33.5,40.3,39.8
21149,13.6,18.8,17
21151,16.6,17.6,16.9
21153,33.2,47,41.7
21155,15.8,21.2,17.5
21157,13.7,19,17.6
21159,40.5,44.3,41.5
21161,17.1,24.4,22.4
21163,14.8,19.7,17.4
21165,27.8,42,38.6
21167,12.8,18.3,17.2
21169,19.3,31.8,29.4
21171,22,32.1,32.3
21173,16.3,23.4,21.2
21175,26.3,31,28.9
21177,20.9,29.2,30
21179,10.7,14,13.4
21181,16.5,26.4,25.1
21183,16.3,21,19.8
21185,4.9,4.6,3.9
21187,15.2,20.5,18.7
21189,35.6,43.5,41.6
21191,14.8,20.8,19.6
21193,29.9,37.5,37
21195,30.1,39.6,36.8
21197,22.8,32,29.1
21199,19.1,25.4,23.5
21201,18.5,26.6,24.4
21203,21.3,29.1,26.2
21205,20.9,25.5,23.8
21207,27,31.4,32.6
21209,9.5,12.4,11.2
21211,9.4,12.2,11.1
21213,13.6,20.8,19.2
21215,7.4,9.1,7.9
21217,17.6,25,24.2
21219,18.9,27.8,27.2
21221,17.2,27.9,23.8
21223,13.3,18,17.1
21225,18.4,22.4,21.1
21227,14.8,20.4,19.1
21229,12.8,17.8,17
21231,23.9,34,33
21233,15.7,21.1,20.8
21235,27.6,33.5,32.8
21237,29,42.6,39.2
21239,8.6,11.9,11
22001,20.6,28.7,27.3
22003,20.5,26.9,24.4
22005,11.4,14.7,14.6
22007,19,27.2,26.4
22009,30.5,45,42.7
22011,15.9,20.4,18.9
22013,26,38.5,35.3
22015,15.2,19.9,18.7
22017,23.6,33.6,30.2
22019,18.3,23.6,23.4
22021,22.7,31.7,31.2
22023,14,18.1,18.1
22025,26.7,39.2,37.7
22027,29.8,36.7,34.7
22029,33.7,55.7,49.9
22031,19.6,25.7,24.1
22033,19.2,26.9,25.9
22035,39.9,50.5,45.7
22037,20.1,23.4,22.3
22039,26.3,35.1,35.1
22041,24,36.6,36
22043,20.6,25.6,24.2
22045,24,37.7,35.3
22047,22.5,27.8,28.4
22049,20.4,28.5,26.3
22051,17.5,24.9,24.5
22053,17.2,23.5,23
22055,17.7,26.3,25.8
22057,15.7,20.8,20.4
22059,19.4,23.8,22.6
22061,25.4,26.5,26
22063,12,16.3,15.7
22065,35.3,48.1,47
22067,30.9,42.9,41.1
22069,22.3,27.6,25.6
22071,25.2,36.8,35.9
22073,25.5,31.1,31.5
22075,14.5,19.4,18.3
22077,18.8,27.3,26.4
22079,19.9,27.9,27.2
22081,23.6,35.1,34.6
22083,25,34.3,33.7
22085,19.7,28.6,24
22087,21.7,30.9,29.9
22089,11.8,17.2,15.4
22091,25.3,37.9,38.8
22093,17,23.3,22.6
22095,16.8,27.3,26.2
22097,26.3,34.4,34.8
22099,18.4,26.4,25.6
22101,22.9,32.2,31.6
22103,12.7,17.1,16.6
22105,17.8,25.4,24.1
22107,32.1,47.7,43.9
22109,16.9,22.7,21.2
22111,20.8,29.1,28.4
22113,20.2,27.2,26.2
22115,17.7,19.6,19.9
22117,24.5,35.4,32.9
22119,24,34.4,35.8
22121,15.2,21.2,20.9
22123,22.4,32.2,32
22125,22.2,19.2,17.4
22127,26.8,34.3,32.4
23001,14,19.1,16.5
23003,14.9,18.9,17.6
23005,7.7,8.7,8.6
23007,11.7,15.7,14.7
23009,11,14.2,13
23011,11.3,12.8,11.2
23013,10.5,13.5,11.8
23017,15.1,20.9,21.1
23019,14.6,15.7,15.5
23021,14,21.3,20.8
23023,8.7,11.3,10.2
23025,14.8,19.2,17.7
23027,13.1,18.2,17.6
23029,18.2,22.5,21.2
23031,8.3,9.9,9.2
24001,16.4,22.4,21.8
24003,6.2,7.9,7.3
24005,9.8,14.2,13.6
24009,5.8,7.4,6.5
24011,13.5,20.3,20.2
24013,5.4,6.2,5.9
24015,10.9,15.1,15.1
24017,6.7,9.2,9.1
24019,15,25.7,25.6
24021,6.6,8.4,8
24023,11,17.1,17.1
24025,7.6,10.2,10.1
24027,6.2,7.4,7
24029,12,20.2,19.9
24031,8.5,11.4,10.9
24033,11.5,15.7,15.1
24035,8,10.5,10.1
24037,7.8,10.1,9.5
24039,23.6,30.4,30.3
24041,9.4,15,14.4
24043,14.5,18.4,17.5
24045,14.2,18.6,17.2
24047,10.3,16.5,16.4
24510,22.9,33.8,32.1
25001,8,11.3,10.8
25003,10.9,15.4,14.4
25005,11.9,15.3,14.1
25007,7.6,12.6,12
25009,9.6,12.2,12
25011,10.7,17.3,15.8
25013,17,24.8,25.7
25015,11.7,11,9.8
25017,7.7,8.3,7.6
25019,5.9,6,5.5
25021,6.9,6.8,6.4
25023,7.5,8.5,8.1
25025,18.5,25.1,24.7
25027,10,12.1,11.9
26001,12.6,26.3,25.7
26003,12.6,17,16.7
26005,9.4,12.1,10.7
26007,15.5,23.7,22.4
26009,10.2,16.6,15.2
26011,14.9,22.9,22.2
26013,15.8,22.2,20.4
26015,8.9,12.1,11.1
26017,12.6,16.6,15.1
26019,9.3,14.1,13.5
26021,16.1,24.3,22
26023,12.5,17.9,16.6
26025,13.7,19.9,18.5
26027,11.5,16.1,15.3
26029,9.1,13.6,11.8
26031,12.9,20.8,19.7
26033,17.7,21.6,20
26035,18.9,30.7,27.2
26037,7.8,9,8.3
26039,15.8,25.3,24.1
26041,11.8,15.4,14.2
26043,11.4,14.3,13.7
26045,8.8,12,11.5
26047,8.6,11.9,10.7
26049,16.3,22.6,22.3
26051,15.9,25.1,23.1
26053,17.4,26,24.5
26055,8.8,11.7,10.8
26057,15.7,20.1,18.9
26059,14.4,21.5,20.1
26061,14.1,13.8,12.4
26063,11.8,16.5,16.3
26065,15.8,16.5,16.6
26067,11.5,15.2,14.4
26069,14.5,24.5,24.7
26071,15.4,25.8,23.3
26073,18.1,16.2,15.1
26075,11.9,17.8,15.8
26077,14.1,14.6,14.5
26079,10.9,18.7,17.6
26081,9.9,12.7,12.1
26083,10.7,16.1,15
26085,18.7,32,31.6
26087,9.3,11.3,10.6
26089,6.7,11.4,10.9
26091,11.1,15.4,14.5
26093,5.2,5.7,5.3
26095,18.6,26.7,26.5
26097,11.6,20.4,20.5
26099,11.6,16.5,15.4
26101,13,21.1,19.4
26103,13.3,14.1,12.8
26105,13.8,21.4,19.6
26107,17.6,19.3,18.3
26109,10.6,16.8,16
26111,10.6,13.2,12.7
26113,11.8,17.1,16.4
26115,9.5,12.4,11.4
26117,13.2,17.9,16.6
26119,16.9,28.5,28.3
26121,14.4,19.1,18.1
26123,14.5,19.8,18.1
26125,7.8,8.6,7.8
26127,14.4,20.9,19.8
26129,17.4,26.6,25
26131,11.7,20.5,18.2
26133,12.9,19,18.4
26135,16.3,26.9,25.6
26137,10.1,15,13.9
26139,7.5,6.5,6.2
26141,13.5,23.1,21.7
26143,17.8,31.9,30.9
26145,20.7,30.3,28.2
26147,11.1,16.7,15.4
26149,12.4,17.3,16.5
26151,14.5,21.6,20.6
26153,13.9,23.9,23.7
26155,10.8,14.3,11.9
26157,13,19,19.1
26159,13.3,17.4,15.8
26161,12.4,11.2,10.5
26163,19.6,28.5,27.2
26165,15.2,21.6,18.9
27001,10.9,16.8,15.2
27003,6.8,8.6,8.3
27005,11.3,15.2,13.3
27007,15.3,21,20.5
27009,8.7,9.6,8.9
27011,12.8,16.6,15.5
27013,13.2,12.1,11.1
27015,9.2,10.9,9.8
27017,10.4,12.2,10.1
27019,4.6,4.1,3.7
27021,11.7,18.7,16.5
27023,10.6,14.3,13.4
27025,6.5,7.8,6.5
27027,12.9,13.6,13.2
27029,14,18.6,16.3
27031,9.7,16.9,15
27033,12,15.7,14.4
27035,10.7,13.8,12.8
27037,5,5.6,5.2
27039,6,6.9,6.2
27041,9.2,9.3,8.9
27043,11.4,16.4,14.5
27045,12.3,17.8,16.2
27047,10.2,14,12.9
27049,8,8.7,7.9
27051,10,13.2,11.9
27053,10,10.4,10.3
27055,7.4,8.7,7.9
27057,10.2,14.7,13.5
27059,8.5,9.4,8.9
27061,12.2,14.9,12.8
27063,10.3,12.8,11.9
27065,12.7,16.7,16
27067,12.4,15.5,14.8
27069,9.8,12.1,11.1
27071,13.6,18.9,17.5
27073,9.8,12.9,12.3
27075,8.8,11.4,10.3
27077,10.4,14.3,13.9
27079,6.7,7.6,7.1
27081,8.8,11.7,11
27083,10.4,11.7,10.4
27085,7.5,8.7,8
27087,18.7,29.7,29.4
27089,9.3,11.3,10.4
27091,10.8,14.9,13.9
27093,8.6,9.5,8.6
27095,10.9,15.7,14.2
27097,10.1,11.8,10.6
27099,11.6,14.4,13.6
27101,8.7,12.5,11.8
27103,9.8,10.1,9.2
27105,11.4,13.4,13.4
27107,11.9,17.3,15.8
27109,7.7,8.5,8
27111,9.5,11.8,10.9
27113,10,12.4,11.8
27115,10.9,15,13.7
27117,10.6,14.8,13.4
27119,12.3,15.1,13.8
27121,8.6,10.6,10
27123,13,18,17.5
27125,9.1,10.8,10
27127,9.4,11.7,11.2
27129,10.6,14.7,14.2
27131,9.4,10.9,10.8
27133,9.7,11.4,10.3
27135,9.9,10.9,9.7
27137,13.8,13.8,12.2
27139,4.6,5.7,5
27141,6,6.7,6.1
27143,9,10.2,9.5
27145,13.5,15,12.6
27147,9.1,12.1,11.1
27149,11.9,9.6,8.7
27151,10.8,13.6,12.6
27153,13.1,17.8,16.8
27155,12.6,22.3,21.3
27157,7.4,8.4,7.9
27159,12.7,16.7,15.3
27161,8.8,11,9.9
27163,5.2,5.4,4.7
27165,11.6,15.2,15.9
27167,10,12.5,11.8
27169,12.3,11,10.1
27171,4.9,4.9,4.4
27173,10.7,14.5,13.7
28001,25.8,36.6,36
28003,17,23.5,22.6
28005,22,30.4,29.4
28007,22.3,32,30.1
28009,19.7,30.5,29.7
28011,34.2,46.6,46.6
28013,22.4,32.1,32.8
28015,15.9,23.3,22.2
28017,19.9,28.7,28.1
28019,20.9,30.9,30
28021,33.3,39.9,40.2
28023,18.5,29.1,29
28025,22.7,33.5,31.6
28027,37.9,54.1,50.4
28029,20.9,27.9,27.7
28031,19.9,30.6,28.9
28033,10.8,14.1,12.9
28035,20.1,27.6,25.6
28037,22.1,32,31.5
28039,16.4,22.1,20.4
28041,21.2,24.8,23.6
28043,22.1,36,34.8
28045,17.3,24.1,23.1
28047,18,27.9,24.7
28049,25.2,34,33.3
28051,37.8,48.3,43.7
28053,33.3,47.6,43.8
28055,43.9,58.4,56.9
28057,13.1,18.1,16.1
28059,14.7,19.6,18.8
28061,16.7,27.5,26.3
28063,31.7,43.9,43.1
28065,25.2,39.9,37.7
28067,18.8,25.6,24.4
28069,26.1,38,38.2
28071,16.5,16,15.7
28073,11.8,17.6,16.9
28075,22.8,31.1,27.9
28077,19.3,27.2,25.8
28079,21.1,37.1,36.9
28081,15.2,21.5,20.7
28083,35.6,47.9,47.8
28085,17.7,25.5,24.9
28087,18.5,27.4,25.9
28089,11.5,16.2,13.8
28091,22.9,31.2,28.8
28093,19.9,29.4,29.7
28095,16.9,22.6,22
28097,21.2,32.7,31.5
28099,21.2,31.1,29.2
28101,20.2,27.8,27.3
28103,26.8,40.5,39
28105,22.2,24.5,23.8
28107,22.6,34.1,35.8
28109,16.1,22,21
28111,20.5,29.4,28.2
28113,27.6,39.4,33
28115,16.3,22.7,21.5
28117,16.5,22,21.4
28119,33.8,49.7,44.2
28121,10.8,14.3,13.8
28123,19.1,28,27.8
28125,35.1,53.1,50.8
28127,21.3,31.6,30.6
28129,17,24.1,24.1
28131,16.6,24.9,23.7
28133,38.7,58.5,61.1
28135,33.7,42.8,44.6
28137,14.9,20.6,20.3
28139,19,28.1,27.8
28141,15.7,20.3,19.5
28143,26.6,42,42.2
28145,14.1,21.1,20.6
28147,23.7,35,33.5
28149,20.7,34.8,33.9
28151,28.1,40.2,38.5
28153,22.5,33,31.9
28155,16.5,24.7,24.2
28157,32.4,39.5,36.4
28159,22.2,32.9,30.7
28161,22.3,34.7,34.2
28163,31.3,38.9,37
29001,23.9,20.1,19
29003,8.7,10.7,10.1
29005,12.5,17.6,16.3
29007,16.3,23.1,22.6
29009,19,29.3,30.1
29011,15.5,20.8,19.5
29013,13.7,18.8,17.9
29015,15.6,26.9,25.9
29017,15,22.5,22.2
29019,16.6,13.5,11.5
29021,18.6,22.8,22.1
29023,19.9,28.5,26.6
29025,13.2,17.6,16.5
29027,10.5,14.3,13.7
29029,13.2,20.6,19.3
29031,12.4,13.5,11.9
29033,12.1,19.3,17.9
29035,20.4,32.3,29.8
29037,7.3,9.6,8.8
29039,18.2,27,25.7
29041,11.8,15.1,14
29043,8.3,10.1,9.3
29045,13,21.4,20.8
29047,8.1,10.2,9.4
29049,10.1,13.1,11.6
29051,11.6,14.7,12.6
29053,12.5,16.7,16.4
29055,15.8,22.8,20.5
29057,15.2,22.6,20.2
29059,16.6,24.7,21.8
29061,12.9,21.2,20.5
29063,13.3,13.5,12.2
29065,16.4,24.6,23.9
29067,20.5,28.7,27.1
29069,22.3,32,30.9
29071,9.6,12.1,11.5
29073,11.3,16.1,15.3
29075,14.1,19.8,18
29077,13.2,14.8,13.5
29079,16.7,24.4,22.5
29081,15.1,23.8,21.2
29083,14.5,19.9,18.9
29085,18.1,30.1,29.6
29087,13.9,19.9,18.5
29089,12.2,15.7,13.9
29091,18.4,25,24.5
29093,18.6,28.1,26.8
29095,13.1,17.3,16.2
29097,16.8,19.3,18.9
29099,8.7,11,9.8
29101,11.7,13.3,12.7
29103,17.1,28.8,29.6
29105,15.7,21.7,20.6
29107,10.5,14.9,13.9
29109,14.6,20,18
29111,14.9,18.7,17.7
29113,9.3,12.1,11.9
29115,14.7,21.6,20.6
29117,13.8,17.7,16.8
29119,17.8,25.5,24.1
29121,13.7,20.5,18.4
29123,13.9,21.4,20.9
29125,11.3,16.9,15.9
29127,13.8,17.5,16.2
29129,13,19.1,18.1
29131,15,19.9,18.9
29133,23.2,29.3,28.5
29135,11.4,15.1,14.3
29137,15,20.6,19.4
29139,13.2,19.2,18.5
29141,17.6,25,25.1
29143,22.1,29.5,26
29145,15.1,21.5,18.4
29147,15.2,12.1,12
29149,21.2,31.7,30.4
29151,8.4,9.9,9.2
29153,20.4,33.5,31.5
29155,23.7,35.5,35.7
29157,10.1,13.4,12.7
29159,16.1,20.8,20.7
29161,18.1,21.8,21
29163,16.6,21.6,21
29165,6.9,8.1,7.1
29167,15.3,19.9,19.5
29169,12.7,14.2,13.2
29171,14.4,20.9,20.9
29173,9.8,13.1,11.8
29175,15.3,20,18.9
29177,10.4,14.4,13.2
29179,16.4,31.5,29.8
29181,23.4,33,31.7
29183,5.3,6,5.4
29185,18.2,28.9,27.5
29186,10.3,14.3,13.6
29187,18,23,22.4
29189,10.5,13.2,12.1
29195,13.7,18.1,17.7
29197,13.1,22,21.6
29199,14.2,20.5,19.3
29201,15.9,23.1,22.3
29203,21.5,32.5,30.9
29205,14.3,21.1,19.9
29207,17.9,21.7,20.8
29209,14.6,24.2,22.6
29211,16.1,20,19.3
29213,15.6,22.4,21.5
29215,22,31.6,29.5
29217,19.3,26.5,25.9
29219,7.9,12.3,12
29221,19.4,26.5,25.5
29223,20,30.9,28.3
29225,15,23.9,23.1
29227,14,20.3,20.4
29229,19.8,28.1,27.3
29510,21.5,33,34.3
30001,12.7,14.9,13.8
30003,25.7,32.9,28.7
30005,18.9,24,21.9
30007,8.6,12.6,11.9
30009,9.2,13.8,12.8
30011,13.1,15.9,17.3
30013,13,16.1,15.5
30015,14.4,19.7,16.5
30017,13.2,14.2,12.8
30019,11.2,13,11.9
30021,11.2,14.9,13.6
30023,14.6,18.5,18.2
30025,8.9,11.4,10.2
30027,12,15.4,14.7
30029,9.5,11.6,10
30031,8.8,6.8,6
30033,14.8,19.8,17.9
30035,24.6,29.6,27.9
30037,16.6,27.5,29.5
30039,11.7,16.1,14
30041,16.9,21.6,21.3
30043,7.4,9.3,8.3
30045,15.1,23.2,21.6
30047,17.2,20.6,18.5
30049,9,11.2,10
30051,16.1,21.7,22.4
30053,16.8,27.5,25.7
30055,13.9,20.2,17.6
30057,9.1,13.5,13
30059,15.3,23.5,22.9
30061,14.2,22.9,21.9
30063,12.9,13.2,11.5
30065,15.8,24.4,22.9
30067,9.9,12.6,11.7
30069,12.9,23.3,21.8
30071,14.5,21.8,19.7
30073,17,22.9,20.1
30075,11.1,15.5,16.5
30077,16.9,17.9,16.9
30079,13.7,17.8,16.9
30081,9.5,14.7,14
30083,9.1,11.8,10.7
30085,25.3,31.4,29.1
30087,17.6,24.2,22.7
30089,14.7,24.6,23.2
30091,11.8,14.8,13.4
30093,13,16.8,15.3
30095,8.1,10,8.8
30097,9.7,13,11.5
30099,12.5,16.9,16.2
30101,14.6,19.3,18.1
30103,12.1,19.9,21.9
30105,11.8,15.2,14.4
30107,17.2,24.6,23.3
30109,11.1,13.4,12.1
30111,11.3,13,12
31001,11.7,12,10.9
31003,10,13.6,14
31005,13,18.9,16.7
31007,10.3,17.6,16.7
31009,13.7,20.6,20.3
31011,9.6,12.2,11.5
31013,11.2,13.8,12.6
31015,14.1,22.8,21.4
31017,10.9,16.5,15.8
31019,10.7,11.1,10.7
31021,10,12,11.6
31023,8.3,9.7,8.9
31025,6.4,7.1,5.6
31027,7.9,8.9,8.5
31029,8.8,10.4,9.8
31031,11.1,14.5,14.5
31033,11.9,16.3,15.6
31035,9.9,11.8,10.5
31037,8.3,11.4,11.2
31039,8.5,9.8,9.2
31041,10.6,14.2,13.2
31043,10.4,14.7,14
31045,15.3,17.4,15
31047,10.7,12.7,12.2
31049,11.1,17.5,15.7
31051,8,10,9.1
31053,10.6,12.1,10.8
31055,11.7,13.6,12.7
31057,13.9,20.4,19.1
31059,8.9,11.8,12
31061,13,18.9,18.7
31063,12,15,14.2
31065,11.9,16.1,16
31067,12,13.8,12.2
31069,15,25.2,24.1
31071,11.3,16.5,18.7
31073,8.6,13.8,14
31075,10,16.4,15.8
31077,13,16.4,15.7
31079,12,15.1,13.7
31081,6.7,7.8,7.4
31083,9.7,13.2,12.2
31085,14,21.4,21.9
31087,13.2,18,16.5
31089,10.9,12.8,12.3
31091,7,6.7,6
31093,8.1,11,10.3
31095,9.7,12.1,11.3
31097,13.3,13.9,12.8
31099,7.7,9.1,8.6
31101,11.6,18.2,16.6
31103,19.3,30.1,27.3
31105,11.9,15.8,14.5
31107,12.3,16.5,15
31109,12,11.8,10.2
31111,11.1,14.8,13.4
31113,9.9,13.2,11.8
31115,15.6,29.1,28
31117,11.4,19.4,18.2
31119,9.7,11.4,10.6
31121,9,11.6,10.9
31123,13.5,18.7,16.8
31125,10.5,12,11
31127,11.5,12.1,11.3
31129,9.9,12.6,12
31131,9.3,11.2,10.3
31133,12.4,19.4,19.5
31135,9.4,13.3,12.4
31137,8.8,10.9,11
31139,10.1,10.7,9.5
31141,7.8,8.8,8.3
31143,6.6,8.4,7.7
31145,10.9,13.1,12.7
31147,11.4,15.3,14.3
31149,14,17.3,15.1
31151,10.1,10.1,9.6
31153,5.5,6,5.3
31155,7.3,7.2,6.7
31157,13.6,17.9,17.2
31159,7.8,6.7,6
31161,13.3,20.8,19.6
31163,11.1,16.3,15.2
31165,15.5,24.9,25
31167,7.1,9.4,9.2
31169,8.9,12.6,11.1
31171,11.8,19.6,17.9
31173,19,25.6,22.6
31175,11.4,15.5,15.2
31177,6.3,6.6,5.6
31179,12.5,10.5,8.5
31181,11.4,12.6,11.8
31183,11.2,14.5,16.2
31185,8.5,10.8,10.1
32001,10.4,14,12.2
32003,15.1,20.6,19.1
32005,8,11.4,10.2
32007,9.7,12,10.8
32009,14.5,22.2,21.8
32011,10,13.3,11.4
32013,10.6,14.1,13.3
32015,11,15.2,14.4
32017,13.9,17.6,18.4
32019,9.4,13.8,13.3
32021,17.5,27.1,26.6
32023,14.9,24.6,23.4
32027,18.3,16.8,17
32029,7,9.5,8.7
32031,11,11.9,11.7
32033,12.8,15.5,14.5
32510,11.8,16.6,15.1
33001,7.6,11.4,10.3
33003,7.9,12.1,11.2
33005,9.9,12.1,11.6
33007,12.5,20.5,19.4
33009,8.6,11.7,11.7
33011,7.3,9.9,9.1
33013,8.7,9.3,8.9
33015,4.6,4.9,4.7
33017,8.9,10,9.7
33019,9.1,12.1,11.8
34001,15.1,22.6,20.9
34003,7.5,9.1,8.4
34005,7.6,9.8,8.7
34007,12,16.8,16.7
34009,9,13.7,13.3
34011,14.4,20.9,20.7
34013,15.1,19.8,18
34015,7.7,9.8,8.9
34017,15.9,23.3,25.8
34019,4.1,4.1,3.9
34021,10.4,11.8,11.3
34023,8,9.4,8.3
34025,7.4,8.8,8.1
34027,5.6,5.7,5.5
34029,11.4,19.2,18.7
34031,14.1,21.3,19.7
34033,12,19.2,17.9
34035,5.5,6.3,5.6
34037,6.1,7.3,7.1
34039,9.3,12.1,12.2
34041,9.3,11.3,10.9
35001,15.2,18.2,18.3
35003,19.8,36.8,34.5
35005,27.6,35.7,35.2
35006,26.4,34,30.3
35007,18.8,28.7,26.6
35009,18.9,24.5,23.4
35011,19.6,30.8,27.9
35013,19.3,22.7,20.9
35015,13.8,17.2,16.9
35017,18.6,26.7,24.7
35019,25.8,29.9,27.6
35021,17.4,31.6,29.7
35023,24.1,31.6,29.8
35025,18.8,23.3,21.9
35027,18.4,29.9,27.9
35028,3.7,3.2,2.9
35029,27.6,37.4,36.5
35031,30.3,38,35.6
35033,21.9,31.8,31.7
35035,19.9,27.7,30.4
35037,22.3,33.7,31.8
35039,20.4,26,22.9
35041,21.1,26.9,28.1
35043,9.4,11.3,10.8
35045,24.3,32.2,30
35047,21.4,29.7,30
35049,12.3,17.9,15.3
35051,26.7,50.2,41.1
35053,22.2,36.8,35.4
35055,18.6,29.2,27.5
35057,22.7,30.5,30.4
35059,19.5,27.8,27.3
35061,18.8,24.3,23.1
36001,11.9,16.1,15
36003,14.6,20.3,19.3
36005,26.4,34.3,34
36007,14.1,17.6,16
36009,16.1,21.6,20
36011,14.8,21.5,19.9
36013,17.2,23.2,22.8
36015,14.9,18.3,17.8
36017,13.3,20.8,19.1
36019,15.1,20.9,19.7
36021,10.5,15.3,14.5
36023,11,15.5,15
36025,15.9,23.4,21.7
36027,9.7,11.6,10.7
36029,13.7,19.2,18.3
36031,11.3,16.2,15.9
36033,16.7,21.3,20.5
36035,13.6,21.6,20.2
36037,9.6,14.2,13.3
36039,11.7,17.9,17
36041,9.6,16.6,14
36043,13.3,19.6,18.8
36045,12.4,17.6,18.9
36047,19.2,25.8,25.6
36049,12.6,18.8,18.1
36051,12,14.1,12.9
36053,10.4,14,13.3
36055,13.3,18.1,18.1
36057,15,24.5,24.4
36059,6.1,6.9,6.7
36061,17.4,22.7,24.5
36063,13,19.1,19
36065,14.2,21.4,20.3
36067,14.2,19.9,18.5
36069,7.8,11.6,8.9
36071,12.2,18,17.7
36073,16.1,22.8,20.4
36075,15.7,23.1,21.4
36077,13.8,18.3,17.9
36079,6.6,7,6.3
36081,13.6,17,16.5
36083,12.3,16.9,16
36085,11.9,16.5,15.7
36087,15.2,26.3,23.6
36089,15,19.5,18.2
36091,7.7,8.8,8
36093,12.9,18.3,18
36095,12.9,18.5,18.2
36097,13.6,22.2,20.7
36099,13.4,20.5,20.1
36101,13.7,18.4,17.2
36103,6.4,7.5,6.5
36105,17.1,27.8,26.1
36107,11.7,16.6,16.3
36109,16.2,14,12.4
36111,11.3,14.2,13.7
36113,10.2,15.4,15
36115,12.3,18.3,17.4
36117,10,13.8,13.4
36119,9.4,11.4,11.3
36121,9.4,12,11.2
36123,10.6,18.9,19.1
37001,12.5,17.6,16.6
37003,12.6,18.3,17.2
37005,17.8,28.4,28.3
37007,21.2,30.5,31.2
37009,14.2,22.4,20.7
37011,17,24,22.5
37013,20.1,32,30.1
37015,20.7,30.8,29.4
37017,21.6,30.6,29.3
37019,9.8,18.4,17.4
37021,11.7,17,16.6
37023,14.3,19.9,19.4
37025,9.4,12.7,12.2
37027,14.8,21.2,20.2
37029,8,9.8,8.9
37031,11.8,17.9,16.7
37033,20.7,27.8,26.2
37035,13.5,17.9,16.8
37037,12.2,16.7,16.8
37039,13.9,26.9,25.9
37041,17.6,28.5,27.5
37043,13.8,25.2,24.1
37045,18,26.8,25.4
37047,23.4,33.9,33.8
37049,12.6,18,17.1
37051,15.8,21.7,20.8
37053,8.6,12.8,11.9
37055,8.7,14,13
37057,13.6,19.6,18.2
37059,9.7,14.4,13.3
37061,19.1,28.4,28
37063,13.4,19.3,18.3
37065,22.4,33,30.6
37067,14.3,19.9,18.4
37069,12.5,17.4,15.9
37071,14.9,19.6,17.7
37073,13.5,20.7,18.9
37075,17.1,27.6,26.6
37077,14,16.7,16
37079,23.3,31.8,30
37081,13.5,17.7,15.6
37083,27.3,35.9,32.7
37085,13.3,17.8,17.2
37087,13.7,20.4,18.2
37089,12,18.6,17.8
37091,24.5,35.1,33.2
37093,15.5,21.5,21.3
37095,21,30.3,28.3
37097,9.5,12.8,11.7
37099,18.7,22.5,21.2
37101,11.8,15.2,13.6
37103,17.6,29.1,27.9
37105,15.1,20.6,19
37107,21.1,30.1,28.6
37109,8.8,12.3,11.2
37111,14.5,21.8,20.2
37113,14.2,21.8,20.4
37115,15.3,22.2,21
37117,20.1,30.8,29.8
37119,10.2,14.1,13.6
37121,15,22.4,21.8
37123,17.6,27.8,23.8
37125,9.2,13.1,13.3
37127,14.8,22.3,21.2
37129,11.9,13.2,11.5
37131,23.6,36.4,36
37133,13.9,18.1,17.7
37135,12.2,10.6,9.4
37137,15.3,26.3,21.9
37139,15.4,22.4,21.7
37141,10.8,15.4,14.2
37143,15.5,27.2,25.8
37145,17.5,25.6,21.2
37147,21.6,23.5,22.4
37149,12.3,18.8,18.2
37151,13.5,21.1,19.1
37153,26.2,40.2,39
37155,27.9,36,33.6
37157,18.1,26.5,27.7
37159,17,23.6,23.7
37161,17.5,25.3,26.9
37163,20.4,29.2,27.4
37165,24.4,35,32.7
37167,14.5,20.7,20
37169,13.1,19.1,17.9
37171,16.1,21.1,19.8
37173,17.4,25.8,25.5
37175,12.5,21.9,21
37177,21.1,30.9,30.1
37179,7.7,9.4,8.7
37181,20.8,34.4,35.8
37183,9.4,10.1,9.6
37185,19.9,29.2,28.5
37187,20.7,38.8,37.5
37189,21.8,13.8,12.8
37191,18.7,26.7,26.9
37193,17.1,23.9,21.5
37195,18.8,26.6,24.8
37197,12.7,18.8,17.5
37199,17.4,24.2,22.4
38001,12,14.6,13.6
38003,11.2,11.6,11.1
38005,26.3,37,34.8
38007,10.8,13.3,12.7
38009,11.2,13.7,12.3
38011,9,9.2,8.2
38013,8.9,9.7,9.3
38015,8.3,8.6,7.6
38017,10.6,9.3,8.2
38019,8,8.6,8.3
38021,11.2,11,9.8
38023,10.8,12.5,11.9
38025,11,14.3,14
38027,11.7,14,12.7
38029,13.4,16.4,14.9
38031,8.9,9.1,8.3
38033,12.7,19.5,19.3
38035,13.6,12.1,10.7
38037,17.3,26.2,22.8
38039,10.7,14.3,12.7
38041,14.4,18,17.7
38043,14.2,16.9,16.8
38045,10.9,10.8,9.9
38047,14.2,21.3,20.5
38049,11.9,14.7,13.1
38051,13.8,17.4,16.2
38053,9.1,11.2,10.7
38055,10.6,11.9,10.4
38057,8,7.9,6.9
38059,9.9,10.2,9.4
38061,11.2,14.2,13.8
38063,10.4,10.3,8.8
38065,11.1,15.9,14.3
38067,9.7,10.3,9.8
38069,12.3,12.6,10.5
38071,12.3,16.1,15.2
38073,8.9,11.2,10.2
38075,8.5,5.9,5.2
38077,10.1,10.6,9.6
38079,27.2,30.8,26.6
38081,9,11.7,11.2
38083,16.5,26,26.6
38085,42.8,50.7,43.5
38087,12.8,16.1,15.2
38089,10.1,8.9,8.6
38091,8.5,11.9,10.3
38093,11.7,11.5,10.5
38095,11.4,15,13.3
38097,9.9,8.9,7.6
38099,11.9,12.6,11
38101,9.4,10.1,9.7
38103,12.4,13.2,12
38105,8.5,9.3,9.2
39001,18.9,27.5,24.8
39003,15.3,20.1,18.7
39005,10.9,14.9,13.7
39007,15.7,22,20.6
39009,20.9,23.3,23.2
39011,7.9,10.1,9.5
39013,15.9,21.2,20
39015,16.8,22.6,20.5
39017,11.6,12.8,11.3
39019,13.3,19.8,19.6
39021,10.6,14.7,13.2
39023,16,22.8,22.9
39025,9.5,10.1,9.3
39027,12,15.8,14.1
39029,16.7,24.3,22.2
39031,13.9,19,18.2
39033,13.5,20.3,18.3
39035,16.2,23.1,22.2
39037,10.4,13.6,12.9
39039,10.1,13.6,12.4
39041,4.1,4,3.4
39043,12.6,20.4,19.6
39045,8.2,10.9,9.9
39047,16.3,24.6,21.1
39049,14.3,19.9,18.6
39051,8.1,11.3,10.4
39053,18,25.6,24
39055,6.2,7.1,6.5
39057,10.3,12.1,12.1
39059,15.2,22.2,20.8
39061,15.7,22.1,20.6
39063,10,12.5,11.7
39065,16.9,24.5,21.6
39067,14.1,21.4,19.7
39069,8.9,11.9,10.6
39071,13.9,20.2,18.5
39073,16.5,23.7,22.2
39075,10.1,13.1,13.6
39077,11.2,16.8,15.9
39079,17.7,24.6,24.1
39081,17.2,23.7,23.2
39083,12.5,16.7,16.4
39085,7,10.6,9.5
39087,17.2,22.4,21.2
39089,11,15.5,14
39091,10.1,15,14.1
39093,12.8,19.9,17.6
39095,17.4,24.5,22.3
39097,13.4,17,16.5
39099,19.3,28.5,26.6
39101,15.8,21.5,21.2
39103,6.1,7.7,6.9
39105,21.1,29.3,24.7
39107,7.3,9.2,8.7
39109,8.2,11.5,10.4
39111,14.2,21.8,20.7
39113,15.2,22.5,20.3
39115,16.4,23.8,22.1
39117,11.3,16.8,14.4
39119,15.8,22.3,20.9
39121,16.3,17,16.3
39123,8.4,12.3,11.5
39125,10.3,15.6,14.8
39127,13.9,21.1,19.9
39129,10.2,13.3,12.9
39131,19.2,27.7,26.4
39133,12.4,15.7,15.2
39135,11,15.3,13.9
39137,7.1,7.2,6.6
39139,13.4,19.1,18.4
39141,18.9,26.5,21.9
39143,13.1,18,16.4
39145,23.9,32.2,30.4
39147,12,16.7,15.2
39149,10.7,14,12.3
39151,12.8,17,16.2
39153,12.5,16.1,15.9
39155,15.5,22.3,21.1
39157,12.4,16.1,15
39159,5.5,5.5,5.1
39161,8.9,13.1,11.8
39163,19.3,28.7,25.9
39165,5.9,6.3,5.9
39167,13.6,19.4,18.1
39169,9.6,12.8,11.8
39171,9,13.6,13.2
39173,10.9,10.1,9.1
39175,7.9,10.9,10.1
40001,20.8,28.5,27.3
40003,16.4,16.9,15.2
40005,17.1,20.3,19.1
40007,11.6,17.1,15.1
40009,18.4,23,20.5
40011,18,24.4,23.1
40013,16.5,21.4,19.5
40015,26.1,36.1,36
40017,8.2,10.1,8.9
40019,14.2,19.1,18.7
40021,21.8,24.1,22.9
40023,18.6,26.5,26.3
40025,15.9,25.2,22.1
40027,12.3,13.5,12.1
40029,18.7,26.7,25.8
40031,19.2,23.4,25.3
40033,17.6,24.9,22.6
40035,17.5,24.4,22.3
40037,14.3,19.2,16.8
40039,17,20.8,19.8
40041,18.1,26.6,25
40043,16.4,21.8,19
40045,12.9,18.1,16.7
40047,12.9,18.7,17.9
40049,15.6,21.2,18.1
40051,13.4,18.4,16.7
40053,14.1,19.2,16.6
40055,23,28.5,26.2
40057,27.8,38.8,37.6
40059,11.4,17,15.4
40061,21.5,33.6,31.3
40063,21.4,27.2,26.5
40065,14.9,20.6,20.1
40067,24.2,36.6,32.5
40069,20.9,26.8,25.8
40071,15.8,23.4,22
40073,10.7,14.1,12.9
40075,20.6,29,27.2
40077,20,27.2,26.3
40079,23.5,31,29.3
40081,15.8,20,16.9
40083,13.1,15.1,14.4
40085,15.3,22,19.6
40087,9.2,11.2,9.6
40089,21.5,30.5,28.7
40091,18.1,27.9,24.9
40093,10.7,17.7,15.8
40095,14.9,21.3,19.6
40097,14.6,19.1,18.3
40099,13.5,19.2,18
40101,19.2,27.1,25
40103,11.8,15,13.6
40105,15.5,23.1,19.8
40107,26.8,33,31.8
40109,16.3,23.9,22.5
40111,18,24,21.3
40113,12.3,18,16.2
40115,20.5,26.8,24.4
40117,14.8,20,18.8
40119,20.7,20,16.8
40121,18.2,24.1,21.6
40123,17.4,20.4,17.2
40125,14.4,18.6,17.4
40127,18.2,24.5,22.2
40129,15,22.2,19
40131,9.7,11.8,11.3
40133,20.1,23.6,22.3
40135,19.6,26.2,25.3
40137,18.9,24.6,21.9
40139,12.9,16,16
40141,20.9,28.3,26.4
40143,14.7,19.1,17.4
40145,9.7,13,11.8
40147,16.7,22.2,20.3
40149,15.9,24.8,23.2
40151,14.7,17.1,16.8
40153,14,19,17.9
41001,16,20.4,19
41003,17.3,11.4,10
41005,8.4,8.9,8.2
41007,12.9,16.9,15.4
41009,10.2,12.5,11.3
41011,17.4,24.4,23.1
41013,12,16.6,15.3
41015,14.8,22.4,21.7
41017,8.7,10.1,9.6
41019,16.5,22.1,20.7
41021,10.4,14.8,13.7
41023,15.6,21.3,19
41025,16.2,22.5,21.7
41027,10.9,13.1,12.2
41029,13.5,15.5,14.5
41031,15.9,22.6,21.5
41033,16.8,23.6,22.5
41035,19.1,23.9,23.3
41037,15.7,20.1,18.2
41039,14.4,14.8,13.4
41041,15.2,22.1,19.8
41043,12.1,14.5,13.6
41045,20,24.4,22.1
41047,13.3,16,15
41049,13.8,15.7,14.6
41051,12.4,12.7,12.2
41053,11,12.6,11.5
41055,12.8,18.8,19.3
41057,14.6,21.3,20.1
41059,13.2,16.4,14.6
41061,17.5,22,20.3
41063,12.9,17.4,15.5
41065,13.3,18.5,16.8
41067,8.6,9.1,8.9
41069,17.4,33,31
41071,10.9,12.1,11.1
42001,8.6,11.6,11.3
42003,11.3,13.9,13.9
42005,11.8,15.7,14.9
42007,11.1,17,15
42009,11.6,15.4,15.4
42011,12.9,18.1,16.6
42013,11.9,16.3,15.4
42015,13.7,18.7,16.4
42017,6.5,8.2,7.4
42019,8.5,8.8,8.4
42021,12.9,19.4,19.3
42023,13.4,25,23.3
42025,14,22.4,19.1
42027,15.2,10.6,9.7
42029,6.6,7.8,7.9
42031,11.8,15.8,15.4
42033,14.2,19,17.4
42035,13.2,18.3,16.7
42037,16.2,18.3,16.7
42039,15,21.1,20.2
42041,8,10.5,9.8
42043,11.8,17,17.1
42045,10.1,13.9,13.2
42047,10.1,14.1,12.7
42049,15.8,23.8,22
42051,15.9,21,20.3
42053,19.6,34.8,26.7
42055,9.5,13.9,12.7
42057,11.4,18.5,17.6
42059,14.8,20.2,19.2
42061,13.9,19.7,18.2
42063,13.7,18.2,16.7
42065,13.3,18.7,16.5
42067,9.9,13.6,12.6
42069,13.7,19.2,18.8
42071,8.8,10.8,10
42073,12.2,18.5,17.3
42075,9,12.3,10.5
42077,11.1,15.6,14.3
42079,12.8,18.8,17.3
42081,10.7,15.1,13.6
42083,13.4,19.1,18
42085,12.9,17.7,16.6
42087,15.1,23.7,21.9
42089,11.3,16.3,16.1
42091,7,7.8,7.6
42093,9.3,13.6,12.9
42095,9.7,12.6,12
42097,11.8,17.3,16.7
42099,7.9,12.6,12.1
42101,22.3,32.7,32.6
42103,8.8,14.1,13.1
42105,16.1,25.8,22.8
42107,12.8,17.4,15.7
42109,9.7,11.6,11
42111,12.9,18.8,16.9
42113,12.9,17.3,17.6
42115,12,17.4,16.6
42117,13.3,19.4,19.2
42119,12.1,12,11.8
42121,13.1,21,18.9
42123,12.3,20.2,18.9
42125,9.1,11.6,10.7
42127,12.6,18.2,16.6
42129,11.2,14.7,13.2
42131,11.6,17.4,15.9
42133,9.2,12.3,11.2
44003,8.1,9.9,9.1
44005,9.7,12.7,10.8
44007,14.3,21,20.2
44009,9.2,8.6,8.2
45001,14.8,21.2,20.2
45003,15.5,22.7,21.5
45005,35.4,47.2,44
45007,15.9,21.7,21.1
45009,25.9,34.4,34
45011,23,32.5,31.2
45013,11.3,19.4,19.2
45015,10.2,14.2,13.3
45017,18.7,26.3,23.9
45019,13.8,18.5,18.6
45021,18.8,28.7,27.4
45023,17.3,26.2,26.4
45025,20.2,27,25.3
45027,20.8,28,26.5
45029,20.9,30.6,30
45031,20.9,28.6,26.6
45033,26.1,39.6,36.8
45035,9.9,14,13.4
45037,16.8,22.8,19.1
45039,20.6,30.5,27.4
45041,18.8,23.3,21.8
45043,14.7,25.3,23.9
45045,10.9,14.2,13.3
45047,15.9,22.9,21.8
45049,23.5,35.1,30
45051,12.6,19.2,17.8
45053,16.1,28,28.1
45055,14,19.7,19
45057,11.8,17.3,17.4
45059,18.5,25,23.8
45061,25.9,34,32.6
45063,11.1,14.3,12.6
45065,19.5,35.7,32.6
45067,29.2,39.5,35.6
45069,24.1,32.8,31.4
45071,14.9,23.4,22.7
45073,16.4,23.5,24
45075,26.5,41.9,41.6
45077,17.8,16.4,15.5
45079,17,19.6,19.1
45081,16.5,23.7,22.1
45083,13.7,17.1,16.7
45085,20,27.2,28.1
45087,20.1,29.3,28.9
45089,21.2,33.4,32.7
45091,9.7,12.4,10.8
46003,9.9,11.9,12
46005,12.7,15.6,14.5
46007,31,43.3,37.3
46009,14,14.7,13.8
46011,12.6,8.1,7.1
46013,11.6,11.8,10.9
46015,12.8,16.8,15.1
46017,35.9,44.4,39.2
46019,12.2,17.1,16.1
46021,10.9,13.4,13.9
46023,22.6,28.6,26.8
46025,10.6,16,16.6
46027,16.8,16.2,14.4
46029,9.6,11,9
46031,41.9,53.1,50.9
46033,9.8,15,14.7
46035,11.4,12.6,12
46037,14.5,19.3,16.9
46039,9.1,8.9,8.2
46041,23.7,26.3,26.9
46043,11.4,11.7,11.8
46045,10.1,11.3,11.3
46047,13.5,18.8,16.7
46049,15.7,26.1,31
46051,9.8,12.3,11.5
46053,14.2,18.7,17.4
46055,10.7,13.6,12.5
46057,7.8,6.5,6.5
46059,8.7,7.8,6.8
46061,8.2,11.1,11.1
46063,11.5,14.3,15
46065,9.8,11.6,10.3
46067,12.8,16.5,17
46069,11.3,14.9,15
46071,28.1,36.8,37.2
46073,13.2,15.2,16.1
46075,12.9,22.6,20.9
46077,9.3,10.6,10.2
46079,9.6,10.2,9.9
46081,13,14.2,12.2
46083,3.9,4.1,3.6
46085,20.7,28.1,26.3
46087,9.2,11.1,11.2
46089,16.7,23,22.8
46091,11.2,17.8,18.4
46093,9.3,10.5,9.6
46095,30,40.2,38.6
46097,10.9,13.4,12.2
46099,9.5,10,8.9
46101,10.5,12.4,12.1
46102,43.5,41.4,37.3
46103,11.6,15.6,14.7
46105,14.3,19.2,18.6
46107,10.1,12.4,10.7
46109,17.6,22.4,20.5
46111,12.4,17.6,17.9
46115,11.2,14.7,14.2
46117,7.5,10.4,9.5
46119,7.5,5.7,5.3
46121,39.8,48.1,42.9
46123,20.5,29.1,27.2
46125,9.7,10,9.2
46127,6.5,5.6,4.9
46129,16.4,27.2,20.8
46135,11,11.8,11
46137,38.1,45.8,39.1
47001,14.3,18.7,18.4
47003,13.4,20.3,18.9
47005,18.3,29.1,27.5
47007,22.1,28.9,28.1
47009,9.7,13.9,13.3
47011,11.7,15.2,14.1
47013,19.9,25.3,25.5
47015,14.9,21.1,20.2
47017,15.9,22.1,21.3
47019,17.1,25.1,23.1
47021,8.6,12.9,11.8
47023,17.6,23.3,23.6
47025,17.1,24.5,23.9
47027,18.7,27.3,26.1
47029,21,33,29.9
47031,15.6,20.5,19.1
47033,15.6,20.7,18.3
47035,14.9,23.9,22.1
47037,15,21.1,21.7
47039,17.7,24.3,23.5
47041,15.5,21.3,20.6
47043,12.1,17.2,17.4
47045,16,22.7,22.1
47047,12.3,18.6,18.2
47049,19.9,26.5,25.8
47051,12.4,15.9,15.1
47053,13.4,19.4,18.5
47055,12.4,19.9,19.3
47057,16.9,23.1,21.2
47059,12.5,20.2,19.4
47061,20.5,29.3,28.3
47063,18.4,25.2,22.9
47065,12.6,16.8,16.9
47067,27.6,42.6,39.8
47069,20.9,27.3,27.4
47071,17.6,26.2,25
47073,16.5,22.7,22.3
47075,21.3,31.4,27.5
47077,13.6,19.9,19
47079,16.4,24,23.5
47081,16.3,21.7,21
47083,15.3,23.3,22
47085,12.1,19.3,18.9
47087,21.2,26.8,25.7
47089,14.7,21.2,20.4
47091,23.7,34.1,33.6
47093,12.1,12.6,11.7
47095,33.4,38.9,37.8
47097,21.5,29.3,28
47099,13.6,19.7,18.2
47101,14.7,22,20.6
47103,14.6,21.1,19
47105,9.6,15.5,14
47107,14.5,21.3,20.3
47109,15.4,21.7,21.1
47111,15.9,22.9,22.6
47113,17.1,25,24.5
47115,16.2,22.8,22.3
47117,11.1,16,15.8
47119,10.3,16.2,15
47121,15.2,24.6,23.3
47123,15.6,21.3,20.4
47125,10.8,14.5,13.8
47127,9.7,14.6,14.7
47129,18.1,22.9,22.4
47131,15.5,22.6,22.9
47133,14.9,19.2,18.1
47135,17,24.8,24.8
47137,14.2,25.4,23.8
47139,13.5,21,20.2
47141,13.7,17.9,17.8
47143,15.8,23,21.5
47145,13.1,19.5,19.3
47147,10.5,13.3,13.2
47149,8.7,10.6,10.1
47151,22.4,29.2,29.2
47153,13.6,22.7,22.1
47155,13.2,19.2,18.6
47157,18,23.9,23
47159,11.7,16.8,16
47161,13.3,20.5,19.8
47163,17.1,25.3,24
47165,8.6,10.4,9.6
47167,13.1,16.9,16.7
47169,17.8,18.5,17.2
47171,14.5,22,20.6
47173,15.6,23.5,22.9
47175,17,26.7,26.7
47177,15.6,22.6,21.7
47179,14.3,18.3,16.9
47181,19.8,21.8,20.6
47183,18,21.4,20.6
47185,16.4,23,22.1
47187,4,3.9,3.7
47189,7.5,8.3,8
48001,20.4,24.5,23.4
48003,11.8,15.4,14.8
48005,18.4,26.4,26.1
48007,15.1,27.8,27.2
48009,9.6,12.5,12.1
48011,9.9,13.2,12.5
48013,16.4,23.8,22.3
48015,10.4,16.5,15.4
48017,16.1,24.7,24.1
48019,11.4,19.4,18.5
48021,11.5,18.1,17.4
48023,17.6,25.2,21.1
48025,27.1,30.9,29
48027,14.3,19.7,18.4
48029,14.8,20.8,20.4
48031,9,14.2,13.1
48033,9.9,12,11.7
48035,13.2,19.8,18.3
48037,17.8,23.6,22.4
48039,9,11.8,11.3
48041,22.6,23.5,21.8
48043,13.3,20.8,19.7
48045,14.7,24.3,23.1
48047,28.6,45.6,43.4
48049,15.3,22.3,21.8
48051,14.4,20.7,19.9
48053,9.9,16.3,15.3
48055,12.8,19.4,19.4
48057,14.6,22.1,21.2
48059,12.1,19.1,18.9
48061,24.6,32.6,31.9
48063,16.7,26,25.5
48065,9.1,13,11.4
48067,18.2,29.9,27.2
48069,16.2,21,19.7
48071,10.4,12.7,12.3
48073,18.1,25.1,24.7
48075,21.1,24,21.8
48077,10.7,15.1,13.9
48079,21.3,31.4,28.3
48081,15.1,22.4,21.7
48083,19.3,31.8,29.5
48085,6.6,7.9,6.7
48087,16.9,27.1,24.2
48089,12.4,21.8,20.9
48091,5.3,9.6,8.8
48093,16.1,24.7,22.9
48095,14.9,25.6,24.2
48097,13,19.3,18.6
48099,13.6,17.9,16.8
48101,18.8,34,31.7
48103,11.3,17.9,16.9
48105,14.6,22,20.4
48107,23.2,36.7,35.4
48109,19.6,29.9,29.5
48111,10.5,16.4,16
48113,14.4,20.3,19.8
48115,21.3,27.8,26.9
48117,17.3,24.1,24.6
48119,15.8,23.3,23.2
48121,7.4,7.6,7.3
48123,17.1,25,23.7
48125,20.7,27.4,26.9
48127,25.7,36.5,32.5
48129,16.9,24.7,22.8
48131,30,43.3,39.3
48133,18.5,25.5,25
48135,16.6,22,21.6
48137,20.1,32.6,31.7
48139,8.8,12.4,11.3
48141,20.1,27.4,26.7
48143,17.9,20.4,20.2
48145,20.3,27.5,27.4
48147,14.3,17.9,16
48149,11,15.5,14.4
48151,15.3,21.6,20
48153,18.2,30.5,28.6
48155,17.4,31.8,33.3
48157,7.2,8.9,8
48159,14.8,22.4,20.5
48161,15.8,21.2,20.5
48163,26.7,33.7,33.7
48165,13.8,20.3,19.5
48167,12.1,16.4,15.5
48169,24.8,26.7,24.8
48171,8.8,14.8,13.8
48173,8.5,10.3,10.6
48175,14.7,24.3,23.7
48177,16.1,23.1,22.2
48179,17.7,23.6,21.5
48181,11.2,14.8,14.5
48183,16.1,21.6,19.7
48185,16.1,21.7,21
48187,9.5,12.5,12.4
48189,19.6,28.1,24
48191,24.1,42.3,35.9
48193,14.8,22.8,21.3
48195,11.7,16.7,15.5
48197,17.2,26.3,24.8
48199,9.7,15.1,14.3
48201,16.4,23,22.3
48203,15,20,18.4
48205,10.4,8.2,8.4
48207,20.6,27.4,25.8
48209,12.4,12.6,12.7
48211,10.2,14.9,13.2
48213,15.8,22.7,22.2
48215,28.8,37.6,36
48217,13.9,21.3,19.6
48219,16.4,22.8,21.5
48221,10.2,16.1,15.5
48223,14.5,20.6,19.6
48225,19.8,28.8,27.3
48227,16.9,19.4,19
48229,24,34.8,33.5
48231,13.8,17.6,16.5
48233,12.6,17.5,16
48235,8.8,12.4,11.3
48237,16,20.6,18.4
48239,13.5,18.1,17.7
48241,23.8,32.2,32.5
48243,21.3,57.1,55.1
48245,19.2,27,24.9
48247,23.2,37.1,31.8
48249,21.4,29.3,28
48251,9.8,12.8,12
48253,19.7,22,21.1
48255,22.1,25,23.6
48257,8.9,12,10.5
48259,6.8,9.2,8.2
48261,14.2,23.4,18.9
48263,11.5,15.8,13.8
48265,12.4,20.1,18.7
48267,15.6,32.1,32.4
48269,11.6,14.5,13.3
48271,19,24.7,24.4
48273,24.6,32,33.6
48275,17.1,28.6,26.4
48277,17,25.2,24.4
48279,19.1,26.3,24.3
48281,12.2,19.4,18.2
48283,28.6,32.3,32.5
48285,12.4,15.9,15.4
48287,12.8,18.1,16.9
48289,16.3,23.8,24.1
48291,15.6,22,21.8
48293,16.8,24.5,23.9
48295,13.3,19,18.3
48297,17.7,25,25
48299,12.1,23.1,23.8
48301,5.3,8.7,4.8
48303,16.1,17.6,16.2
48305,16.8,23.2,21.2
48307,17.3,29,26.6
48309,14.7,18.2,17.2
48311,12.1,17.6,18.2
48313,17.5,23.4,22.7
48315,23,34.3,31.8
48317,13.3,20.1,17.7
48319,11.8,20.8,19.1
48321,22.9,31.7,31.6
48323,20.5,28,28.2
48325,14.2,19.6,19.3
48327,19.4,32.9,29.7
48329,10.5,12.9,12.8
48331,14.6,22.7,20.2
48333,13.7,22.5,19.5
48335,19.2,25.3,23.5
48337,14.1,21.2,17.8
48339,10.5,14.7,13.3
48341,11.9,15.6,14.8
48343,18.5,29.3,27.7
48345,16.9,29.9,29.2
48347,20.8,25.7,25
48349,16,22.3,21.3
48351,19.8,27.3,26.2
48353,18.3,25,24.2
48355,18.2,24.9,25
48357,11.8,16.8,16
48359,15.7,30.6,24.4
48361,12.5,18.6,17.9
48363,14.8,22.3,21.5
48365,13.5,19.3,19
48367,7.9,9.5,8.9
48369,15.2,22.9,19.8
48371,22.6,28.9,29
48373,16.9,24.7,22.4
48375,20.7,28.3,26.9
48377,21.3,35,36.2
48379,12.8,20.2,19
48381,9.1,10.8,9.9
48383,11.9,18,17.4
48385,15.6,29.7,33.2
48387,18.7,28.2,27.8
48389,22.2,26.3,25.8
48391,15.5,28.3,26.5
48393,7.4,9.1,7.9
48395,16.9,24.9,23.9
48397,5.1,6.9,6.2
48399,15.3,23.1,22.1
48401,16.8,23.8,24.3
48403,16.3,27.6,26.9
48405,22.7,32,30.2
48407,17.3,27.7,26.2
48409,16.4,24.1,21.7
48411,17.9,27.3,26.9
48413,14.8,21.6,18.9
48415,15.1,20.7,19.2
48417,12,18.8,17.6
48419,19.6,29.2,30.5
48421,12,17.2,16.3
48423,13,17.8,16.5
48425,9.3,15,14.2
48427,31.6,40.6,37.7
48429,16.2,27.4,25.9
48431,11.8,16.1,14.7
48433,15.5,22.7,20.9
48435,13.9,20.9,20.2
48437,20.9,29.4,25.5
48439,11.6,15.3,14.3
48441,17.9,20.6,20.5
48443,17.4,21.4,19.3
48445,22.3,31,29.2
48447,15,24.4,23.1
48449,16,20.6,20
48451,13.2,16.5,15.2
48453,11.2,13.8,13.6
48455,17.1,27.3,25.5
48457,17.5,23.3,21.6
48459,14.9,19.9,19.4
48461,15.6,20.9,19.9
48463,20.5,31.1,31.4
48465,18.8,27.8,27.9
48467,13.3,19.1,18.1
48469,16.2,21.9,20.3
48471,23.9,24.8,22.4
48473,13.6,17.7,17.3
48475,14.1,20,20
48477,14,19.8,20.1
48479,22.6,29,26.4
48481,15.9,22.7,22.6
48483,14.1,22,19.6
48485,14.6,19.3,18.1
48487,14.1,21,20.9
48489,34.3,39.4,37.1
48491,6,7.3,7
48493,9.8,13.4,12.4
48495,14.7,21.6,21.2
48497,10.2,13.7,13.1
48499,14.1,21.5,20.5
48501,12.8,19,18.6
48503,14.8,21.1,19.9
48505,28.9,44.6,40.5
48507,25.4,38.8,37.5
49001,9.2,13,11.6
49003,8,8.1,7.3
49005,11,9,8
49007,15.9,17.8,15.6
49009,7.2,11.2,10.1
49011,6.4,6.4,5
49013,13.1,16.3,15
49015,11.8,14.8,13.2
49017,9.9,15,13.5
49019,11.1,16.8,15.5
49021,13.3,14.5,13.2
49023,8.8,10.8,10
49025,9.4,12.5,11.4
49027,10.2,13.7,12.4
49029,4.5,4.6,4
49031,15.1,25.3,22.5
49033,8,11.3,9.8
49035,8.8,8.9,8
49037,26.8,30.4,30.1
49039,11.7,12,11.4
49041,9.7,12.4,11.4
49043,5.8,5.8,5
49045,5.6,6,5.4
49047,11.9,15.2,13.4
49049,8.1,6.2,5.8
49051,4.9,6.2,5.4
49053,9.4,9.9,9.1
49055,11.1,15.3,14.4
49057,9.3,10.4,9
50001,8.4,9.3,8.8
50003,12.5,16.1,14.7
50005,12.5,15.4,12.4
50007,10,7.9,7.4
50009,14.4,18.1,16.6
50011,9.2,10.9,10.4
50013,7.7,12.5,11.8
50015,8.7,10.7,10.5
50017,9.8,12.4,12.1
50019,12.6,16.7,15.5
50021,10.5,13.4,12.9
50023,8.8,9.3,8.8
50025,11.3,14.1,13.2
50027,9.7,9.9,9.3
51001,16.2,25.7,23.8
51003,7,8.2,7.9
51005,13.3,19.7,18.6
51007,9.9,13.8,13.2
51009,12.4,17.4,16.4
51011,11.5,16.1,15.7
51013,7.9,9.5,9
51015,8.5,11.4,10.2
51017,11.1,17,16.9
51019,8.8,12,11.6
51021,14.4,17.4,16
51023,7,8,7.4
51025,21.3,30.5,30.6
51027,23.9,34.2,29.8
51029,16.8,21.7,19.8
51031,10.9,15.5,14.5
51033,10.9,15.5,14.5
51035,14.6,23.8,22.4
51036,11.4,19,17.6
51037,16.9,25.8,24.7
51041,7.4,9.7,8.3
51043,7.2,7.9,6.6
51045,11.5,18.5,16.7
51047,8.9,12,11.3
51049,14.8,23.9,23.8
51051,22,27.7,25.7
51053,11.9,16.2,14.9
51057,11.5,20.5,21.2
51059,7.1,8.8,9.1
51061,6.5,7.2,6.2
51063,12.1,16.7,15.3
51065,7.7,9.3,8.5
51067,11.2,16.8,15.8
51069,7.5,9.9,9.4
51071,11.8,17.3,15.7
51073,8.4,12.2,11.6
51075,6.3,8.1,7.7
51077,17.6,24.4,23.1
51079,7.8,11.8,11.3
51083,16,22.4,21.2
51085,6.7,8.5,7.7
51087,7,9.9,9.1
51089,17,24.6,20.5
51091,13.1,21.6,21.1
51093,8.2,11.4,10.5
51097,14.1,22.5,21
51099,6.5,8.4,7.7
51101,7.1,10,9.4
51103,12,23.1,22.3
51105,25.1,33.9,32.2
51107,3.6,3.7,3.2
51109,10,14.1,13.1
51111,18.7,24.7,23.1
51113,9.4,15.8,14.5
51115,9.1,15.3,14.4
51117,15.7,22.9,22.8
51119,13,21.1,20.9
51121,23.3,14,12.6
51125,12.4,18.8,17.9
51127,4.9,7.2,6.9
51131,17.6,29.2,27
51133,13.1,24.2,22.6
51135,21,21.1,21
51137,8.9,12.9,12.5
51139,13.4,18,17.4
51141,14.3,22.5,19.9
51143,13.1,18.3,16.2
51145,6,7.3,6.9
51147,18.7,25.1,25
51149,10.4,12.7,11.9
51153,6.4,8.4,8
51155,13.5,20,18.6
51157,9.1,15.9,15
51159,16.9,20.1,18.9
51161,8.1,8.7,8.1
51163,10.2,16.8,15.1
51165,8.3,10.6,9.8
51167,18.4,24,22.4
51169,19.6,24,19.3
51171,9.8,14.9,14.4
51173,17.5,23.2,21.1
51175,14.1,19.2,17
51177,7.2,10.5,9.6
51179,5.4,6.7,6.1
51181,12.2,20.1,20.4
51183,19.5,26.9,25.2
51185,19.6,27.8,25.7
51187,9.2,13.4,12.8
51191,13.3,17.6,16.6
51193,15.1,24.2,23.9
51195,19.2,25.7,23.2
51197,16.9,25.4,25.8
51199,5.1,6.1,5.5
51510,9.9,15.1,15
51520,18.4,31.6,29.6
51530,15.1,21.7,21
51540,21.6,20.4,19.5
51550,8.3,9.8,9.2
51570,9.4,16.4,16.5
51580,17.4,29.3,27.8
51590,24.2,37.8,37.3
51595,21.1,33.8,32.8
51600,7.3,7.7,8.4
51610,4,3.6,2.9
51620,19.6,33.4,33.7
51630,14.2,20.8,20.9
51640,21,36.7,35.6
51650,12.4,19.3,18.4
51660,25,18.3,17.5
51670,20.8,30.8,29.1
51678,21,13.1,12.1
51680,17.8,21.6,22.4
51683,8.6,15.2,14.9
51685,7.3,13.3,11.9
51690,19.9,32.2,30.1
51700,15.8,23,23.2
51710,16.9,23.1,21.9
51720,20.4,31.9,30.1
51730,22.8,35.6,35.9
51735,5.4,5.9,5.1
51740,17.6,25.8,25.8
51750,25.6,17.9,16.2
51760,21.1,32,34.8
51770,17.9,27.4,26.4
51775,10.5,13.6,12.6
51790,12,17.5,17.9
51800,10.6,13.7,12.7
51810,9.4,11.9,11.5
51820,12.3,19.2,18.7
51830,19.3,21.9,20.4
51840,12.5,18.9,17.5
53001,16,21.1,18.6
53003,13.9,21.2,19.4
53005,10.6,13.4,11.7
53007,10.8,13.7,13.3
53009,12,18.5,16.6
53011,9,11.2,9.6
53013,13.2,20.4,18.8
53015,12.6,15.9,14.6
53017,10,14.1,13
53019,17.5,30.5,27.3
53021,11.8,14.7,13.6
53023,13.2,18.1,16.2
53025,11.7,14.6,13
53027,13.7,20.8,19.5
53029,8.1,9.9,9.5
53031,11.2,20.2,19.1
53033,9.3,10.4,10
53035,8.7,9.8,9.2
53037,14.4,13.2,11.9
53039,13,19.6,19
53041,13.5,16.6,15.5
53043,11.3,15.2,14
53045,12.6,19.2,18.3
53047,16,20.9,20.4
53049,13.4,20.2,18.9
53051,15.9,24.9,23.2
53053,8.2,10,9.4
53055,10.8,16.5,15
53057,11.6,14.8,13.4
53059,10.9,14.2,12.2
53061,7.2,7.9,7.7
53063,11.2,12.2,11.8
53065,13.6,20.1,18.6
53067,9.9,11.7,11.1
53069,11.7,21.6,19.8
53071,12.1,14.8,13.1
53073,13,15.3,14.2
53075,18.1,12.6,11.5
53077,14.7,19.7,18.3
54001,19.7,27.5,25
54003,9.9,12.7,12.3
54005,24.7,28.2,25.9
54007,21.3,29,26.1
54009,13,18.8,17.5
54011,19,23.9,22.7
54013,23.8,32,31.7
54015,22.3,31,28.9
54017,18.1,23.4,22
54019,19.9,23.6,22.3
54021,25.3,23.8,22.8
54023,15.2,21.9,21.3
54025,18.9,24.5,20.4
54027,15.9,25.2,26.1
54029,14.9,20.1,17.7
54031,17.5,22,20.3
54033,14.6,20.2,16.7
54035,15.4,21.6,20.2
54037,9.7,10.9,10.2
54039,15.9,20.6,19.3
54041,17.9,24.2,22.6
54043,20.3,26.7,24.1
54045,23.5,30.2,28.3
54047,31.7,40.2,36.9
54049,15.1,19.3,17.7
54051,16.4,22.4,21.6
54053,18.6,24.7,22.9
54055,18.1,26,24.9
54057,13.5,19.8,19.1
54059,31.1,35.8,33.7
54061,18.3,15.4,14.2
54063,15.3,21.7,19.3
54065,12.8,18,16.1
54067,19.8,25.1,23
54069,14.7,18.9,17.3
54071,16,22.6,21.7
54073,14.3,18.1,16.7
54075,16.2,26.8,25.9
54077,14.3,19.5,18.5
54079,10.1,12.3,11.1
54081,22,25.8,23.9
54083,17.6,23.8,23.3
54085,19.2,25.6,25.7
54087,18.2,26.3,23.3
54089,24.8,29.9,29
54091,16,19.3,17.3
54093,14.7,20.6,19.7
54095,14,21.9,20.4
54097,18.6,25.2,23.4
54099,16.2,23.1,22.6
54101,25.2,36.3,34.1
54103,16.4,24.7,24.7
54105,17.7,28.1,26.5
54107,14.7,20.1,19
54109,25,28.4,26.9
55001,15.2,22.3,20.2
55003,14.6,21.1,20.7
55005,9.2,12.9,12.2
55007,11.6,18.5,16.1
55009,9.3,10.7,9.8
55011,8.9,10.6,10
55013,12.2,17.7,16.7
55015,5.3,6.5,5.9
55017,9.9,13.2,12.3
55019,12.4,18,16.9
55021,7.7,10.6,9.8
55023,11.9,17.5,17
55025,11.3,10.1,9.8
55027,8.5,10,9.4
55029,8.7,12,11.1
55031,14.4,18.3,18.5
55033,12.2,12.8,11.5
55035,12.5,11.5,11.2
55037,10.5,16.5,14.8
55039,8.1,10.9,10.5
55041,13.7,21.5,20.8
55043,12.6,13,12.2
55045,7.1,9.6,8.8
55047,13,20.3,20.2
55049,7.5,10.5,10
55051,12.2,18.7,17.1
55053,12.6,18.1,16.7
55055,7.5,9.1,8.6
55057,13.9,17.1,16.1
55059,10.7,13.9,12.8
55061,7.7,8.7,8.3
55063,12.1,11,10.3
55065,9.8,15.4,15.5
55067,12.2,18.4,17.3
55069,10.2,14.7,14.3
55071,10.7,13,12.1
55073,7.6,9.5,9.5
55075,9.3,15.9,14.4
55077,12,18.7,18.1
55078,24.2,41.2,39.7
55079,17.8,23.6,23.5
55081,11.4,15.1,14.3
55083,8.3,11,10.6
55085,9.2,13.4,12.3
55087,7.3,8.6,8.1
55089,4.7,4.5,4.2
55091,9.8,15.8,15.1
55093,8.5,7.9,7.1
55095,8.5,11.9,10.8
55097,10.4,10.8,10.3
55099,11.7,20.9,18.6
55101,12.4,18.2,16.6
55103,13.7,20.2,18.4
55105,10.1,14.4,13.4
55107,13.8,20.6,19.1
55109,5.4,5.6,5.3
55111,9.7,14.1,13.3
55113,14.4,22.7,22.7
55115,9.7,13.3,12.5
55117,8.7,10.7,10.3
55119,10.3,15.2,14.2
55121,9.6,11.7,11.4
55123,14.7,22.8,21.5
55125,11.5,19.5,18.2
55127,10.3,10.8,9.8
55129,11.8,18.6,17.5
55131,5.2,5.8,5.2
55133,5,4.9,4.6
55135,10,13.8,12.8
55137,12.9,19.6,18.3
55139,11,11.9,11.3
55141,11.3,14.5,13.1
56001,17.7,12.7,11.5
56003,12.6,16,13.9
56005,8.5,9.4,8.5
56007,12.3,13.6,12.3
56009,9.7,12.1,10.8
56011,7.5,9.2,9
56013,14.8,19.1,17.4
56015,13,14.8,12.8
56017,13.1,16.7,14.8
56019,10,12.7,10.7
56021,9.9,11.7,10.2
56023,7.6,8.8,7.9
56025,10.7,13,11.6
56027,15.6,18.6,17.4
56029,11.4,13.8,12.7
56031,11.7,14.8,13.3
56033,9.5,10.5,9.3
56035,7.1,8.2,7.2
56037,9.2,9.7,8.5
56039,5.9,5.5,4.7
56041,9.4,11.2,9.4
56043,10.2,12.5,11.4
56045,10.4,12.3,10.7
