fips_code,crime_rate_per_100000,crime_id,murder,rape,robbery,burglary
29510,1791.995377,1,119,200,1778,4995
48261,1456.31068,4,0,3,1,5
24510,1419.537569,6,216,317,3638,7804
47157,1315.003752,7,135,483,3512,14011
29201,1163.145839,12,2,7,26,236
42101,1150.29633,13,332,881,7984,12004
47113,1138.42383,16,13,33,196,1300
26163,1065.188284,19,433,803,5879,19882
2188,1014.964216,21,0,23,12,46
29155,998.7095326,22,0,6,21,192
5119,959.9165823,24,61,179,1058,7065
40101,954.4400666,27,3,34,41,878
22105,952.8593755,29,11,64,185,2683
4019,930.0694974,33,4,42,37,450
27133,892.8571429,40,0,0,0,9
19155,873.5225606,42,1,79,83,1166
48353,871.1844118,43,0,27,10,143
2150,856.0311284,44,0,8,10,23
17201,854.9331535,45,15,196,553,2939
26145,828.830479,47,29,126,242,1751
13121,826.1767583,49,123,216,3365,11091
5107,818.6675817,52,1,8,26,478
17167,817.9969369,53,40,160,318,2104
37155,809.8427036,56,13,32,273,2937
20119,805.8945429,57,0,1,0,5
17163,782.1542957,62,28,183,349,2426
48135,781.9089826,64,5,44,163,1090
13261,752.455044,73,0,4,40,741
48303,740.6920961,76,12,139,328,3400
48131,738.8316151,78,1,0,5,105
48315,732.7796776,80,1,9,5,115
2185,722.6925459,84,1,14,3,36
40143,719.1412721,87,45,381,1122,7291
12107,717.8582747,88,5,37,51,1029
48245,710.8948399,89,20,114,554,3147
48201,696.1038338,94,307,1143,12449,43644
48249,695.7773512,95,13,17,7,467
40109,694.8738489,96,83,398,1137,10118
29133,693.1802269,98,2,4,6,128
29119,673.8186009,106,1,4,4,110
12123,673.754211,107,3,10,6,117
13305,668.2847358,108,8,6,24,318
13225,658.9175983,115,0,2,19,286
37107,650.100146,121,1,18,76,796
48233,646.2257665,123,0,20,5,184
51760,644.9835135,124,44,43,640,2068
13301,629.7229219,136,0,0,1,30
37127,628.8580653,137,11,17,100,1125
48355,616.5739392,149,18,194,392,2723
20173,615.5337693,150,24,273,513,4575
20125,615.303861,152,1,17,17,303
5131,612.5237549,156,6,77,97,1261
13107,612.2359732,157,2,6,14,253
5139,604.5117216,162,1,4,36,522
17143,603.941007,163,14,53,347,1809
48393,601.6847172,167,0,1,0,1
48489,597.6004744,173,0,14,4,226
48375,592.6303417,177,5,60,154,1218
20209,590.457901,181,16,90,286,1834
13287,590.1155643,182,0,6,4,46
13143,582.5583436,187,1,6,4,310
47163,578.5625339,192,3,56,70,1077
21111,576.7462264,195,78,266,1557,8103
51595,572.6556908,199,0,3,5,71
26107,570.6597383,201,0,20,0,181
22123,566.9428696,205,0,0,0,49
17183,565.1757149,206,4,63,88,955
22101,562.1649889,211,1,19,41,412
6103,561.3968314,213,3,17,36,451
13127,559.4542867,216,6,13,125,957
51730,559.3459955,217,5,7,59,395
51710,558.2211677,218,34,88,502,2327
37119,556.9251355,223,54,240,1886,8340
1119,553.8507597,228,1,2,4,99
47119,552.7632192,229,5,28,45,518
13277,551.0599216,233,5,18,45,369
12103,550.6712247,234,44,361,1206,7392
51770,550.4493983,235,9,39,141,939
13255,546.7734102,243,3,24,82,797
48469,543.1643489,244,6,48,50,761
5123,542.9200293,245,4,7,45,465
54105,542.2809693,246,0,1,0,42
13161,539.8560384,248,1,0,3,115
47125,536.6094754,252,12,60,104,1171
48227,533.9308933,257,3,20,12,303
13237,533.4331571,258,0,7,13,173
29141,532.938564,259,3,0,1,154
13317,529.4705295,263,1,1,1,50
26121,529.2150075,264,4,119,192,1800
37181,522.2281735,272,11,8,97,1029
4013,522.1046922,273,1,17,9,366
29213,520.7652823,275,0,10,26,351
37117,519.0092409,276,3,4,32,425
47107,517.7585449,277,0,18,37,483
48475,515.8306652,280,2,5,2,70
40123,513.2659507,285,3,25,11,292
48177,512.0126034,287,2,15,4,166
51640,511.7270789,289,0,10,1,17
19111,504.4560283,298,0,9,5,254
48381,503.6608315,300,6,56,126,1094
8101,501.7002063,303,8,22,199,1962
47109,501.1476664,305,0,4,5,153
1123,497.5365871,309,3,6,17,296
48123,497.4881725,310,0,10,5,124
37165,496.8771686,312,7,5,33,761
22117,495.4867619,314,6,22,36,552
48183,492.5868123,318,7,72,145,1241
48273,492.1965048,319,1,5,18,370
13215,490.5731077,321,17,31,424,2712
20177,488.1703955,326,19,46,244,1585
46103,486.9469842,327,5,143,55,716
48179,481.7081109,334,0,2,6,269
51740,481.2639676,335,11,43,181,1220
40125,473.593974,349,4,32,22,659
51750,471.3687151,352,1,9,8,108
19139,469.2314875,356,0,40,7,259
48127,468.0187207,357,0,4,2,167
47103,466.8034371,358,2,6,6,196
20155,464.2467674,360,2,28,26,637
27123,462.49008,364,15,233,730,4257
6107,462.4094173,365,33,115,412,4364
37153,459.0022627,373,8,24,49,974
47121,454.9746759,379,2,9,1,75
13245,454.9437385,380,28,90,546,3186
48343,451.9245753,383,0,1,4,114
48231,451.4750482,385,1,21,65,869
4017,450.3540195,388,7,51,107,1200
48291,449.8940279,390,1,18,36,544
1113,449.7776286,391,2,24,70,776
29109,447.8198245,394,1,7,6,330
51540,446.4587702,395,2,16,50,165
47149,444.0822833,399,6,93,195,1694
1127,443.9528471,400,2,16,56,780
20103,443.8191469,401,0,24,34,464
19163,443.70103,402,4,50,156,1059
47141,443.3866032,404,0,21,34,711
48113,442.965072,405,165,706,4889,25141
47123,435.2148459,417,5,3,10,337
5143,434.8227901,420,7,131,70,1285
29105,434.5753778,421,1,6,5,158
48487,434.0872744,423,1,14,1,89
48211,432.9004329,425,0,0,0,16
1125,432.2257134,428,10,56,234,1932
12127,431.3099042,432,19,96,422,4095
48485,430.1498709,435,6,46,154,1439
48479,429.3415113,438,8,86,187,1825
13233,427.3608042,441,3,12,49,580
48219,424.9893753,445,1,16,9,223
26153,424.3967503,446,0,15,1,71
19187,423.8203218,447,0,24,16,241
48401,423.3337063,448,0,16,24,381
17187,423.1073,450,0,4,2,133
29209,421.7656644,452,1,5,1,160
48309,421.5652577,453,9,115,218,2237
47169,421.5636178,454,0,3,1,31
48495,420.7204838,457,0,0,1,17
37191,420.603132,458,20,8,108,1576
47185,419.1434233,460,1,6,6,169
48433,418.9944134,461,0,0,0,2
47167,418.9263794,462,5,19,32,368
51700,416.9871443,466,21,52,271,1038
48439,416.156389,468,73,687,2167,16077
51670,415.1062582,472,2,3,32,209
1109,413.929632,476,4,6,21,316
29167,413.2498224,477,1,8,2,215
13221,412.4278251,478,1,12,4,112
48507,411.319513,479,1,0,2,58
48111,410.9394927,481,1,4,1,51
29217,410.5207886,483,0,4,9,242
13299,408.8605114,489,3,7,44,309
47179,404.632565,496,1,20,60,1004
37195,400.406529,505,9,6,78,895
48481,400.3299689,506,1,8,24,296
39113,399.5550961,508,32,251,933,5833
37147,399.3963148,509,11,36,207,1763
51630,398.1231338,512,2,1,21,87
17127,398.0627612,513,1,11,3,45
1101,396.6310625,515,45,45,465,3656
29169,396.2938156,517,3,16,18,349
47153,395.0684558,519,0,3,3,114
47147,394.7583218,520,3,20,53,305
12111,393.958833,524,7,104,223,2001
48463,393.6715442,525,3,7,3,181
51620,393.6096319,526,1,4,11,40
48311,392.6701571,528,0,0,0,9
48471,392.3449148,529,1,45,15,434
48423,391.9844502,531,6,91,115,1890
28149,391.9698038,532,2,26,31,368
37129,391.5279907,533,9,46,300,2447
48141,391.4376636,535,28,220,507,2361
6115,388.6010363,538,6,27,39,612
13181,387.0468327,540,0,0,4,59
17115,386.17105,546,6,35,111,1090
29203,385.6815717,549,0,2,0,28
4015,385.2132189,551,1,8,3,178
13179,385.1251267,553,2,26,41,601
28107,383.6986222,554,5,5,6,627
22113,383.1029653,556,7,18,32,458
22109,382.2650312,558,5,26,100,764
13155,381.8818288,562,0,9,0,73
13257,381.5753611,565,4,5,15,161
48349,380.9484158,567,0,30,37,579
48241,378.6922494,571,2,32,7,201
47177,377.8306018,573,1,16,9,262
13105,377.5702842,574,2,3,9,204
39153,377.428833,575,27,256,656,4547
13273,376.8565728,577,2,1,1,81
21209,376.3989829,579,1,26,33,352
48185,376.0378272,582,1,7,8,187
17161,374.8523,588,4,42,80,721
48213,373.6892278,593,2,48,18,657
54109,373.6044137,594,1,5,7,131
13147,373.3396212,595,0,3,6,200
1133,372.7325437,597,1,12,3,177
17125,371.9820326,599,0,10,3,46
48263,371.7472119,600,0,0,0,5
28133,371.4683716,601,2,5,28,275
13253,368.921185,605,1,1,4,55
38105,368.305457,607,1,17,2,92
48441,367.5894928,610,3,42,126,1083
47143,366.0074432,614,0,4,8,201
19127,365.9072059,615,1,1,6,319
51550,365.1803566,616,12,36,202,1044
47129,365.0467716,617,2,5,4,161
31109,364.6022704,620,4,192,201,1755
20151,364.4462442,624,0,3,1,64
48415,364.1197549,626,1,9,4,108
29149,363.7686431,629,1,0,1,38
29179,363.6914684,630,3,0,0,33
13217,363.1181305,632,5,26,54,986
48277,362.1575689,633,5,10,37,441
12131,361.1617369,638,1,14,18,375
5111,360.3230483,640,2,23,7,217
19183,358.8462412,643,0,13,1,61
48395,357.8794128,645,0,3,5,126
13247,357.8043926,646,1,14,56,804
13111,357.7441077,648,0,3,2,172
13115,356.9154987,652,5,25,56,903
5103,355.9715223,655,2,1,11,240
48361,355.6059163,657,1,16,47,675
37139,355.1687051,659,3,0,39,348
12121,354.415329,661,1,2,17,337
47131,353.3455398,663,0,11,12,220
48153,353.1300161,665,1,2,1,41
17199,352.6388142,666,0,14,14,507
2110,352.1126761,667,0,9,16,94
48293,351.5390551,671,2,10,7,246
48335,350.9891512,673,0,0,0,83
40141,350.1491376,674,0,1,2,68
48203,348.3539156,678,3,12,20,597
12105,348.309575,679,39,126,421,5796
48437,347.8036841,681,0,1,2,54
51520,346.0008073,685,2,5,17,114
37169,345.5825534,687,2,5,9,452
48453,345.4200618,688,32,236,997,8244
51680,344.8099059,692,3,36,46,367
48409,343.226938,695,4,35,16,517
29186,343.120711,696,1,3,1,38
48195,342.0342034,700,0,0,3,20
18141,341.1958352,704,21,91,388,2626
13275,340.9926675,705,3,13,32,536
28143,340.9090909,706,4,10,13,77
17165,340.8316292,707,0,3,4,198
51181,339.985218,708,1,0,3,30
47183,339.6226415,709,2,3,4,194
13175,339.5904081,710,3,4,54,486
20169,339.0742734,712,2,25,26,493
17153,338.5240352,713,0,3,2,27
37187,337.9971703,714,0,1,11,98
13235,337.8963784,716,0,2,2,80
4027,337.8629242,717,13,116,210,2383
22127,337.5413488,718,1,0,8,102
47117,337.2952136,719,1,7,1,152
13173,336.2797848,726,0,4,4,83
1131,336.0749978,727,0,1,5,45
28137,334.8253621,728,1,5,16,153
47101,334.420199,731,0,3,4,52
6101,333.508128,732,5,26,45,758
20175,333.4758444,733,0,13,7,163
47155,333.4402052,734,1,30,44,1364
8121,333.1251301,737,0,3,0,15
13153,331.8479188,739,8,31,166,1142
20167,331.7467186,741,0,1,0,40
19117,331.5801509,742,0,3,1,59
12117,331.3908554,744,17,86,357,2478
51683,330.8955761,749,3,8,51,111
48321,330.6733712,751,1,11,19,290
17135,330.4781817,753,0,5,3,102
22119,329.4163922,755,1,11,13,153
13171,328.5260872,757,3,8,7,79
13129,328.2099109,758,4,10,11,345
48347,327.567733,761,1,24,30,430
1121,326.7732071,762,3,25,39,1028
54101,326.0991791,764,3,0,1,26
37197,325.9897997,765,2,6,6,376
1129,325.8873022,766,2,3,3,68
22121,325.5605746,767,4,2,7,72
47173,324.5733431,769,2,7,9,237
19171,324.3058716,770,0,2,0,45
54107,323.4414167,773,1,28,35,619
47189,323.0964779,775,4,17,44,569
13229,322.1037068,778,0,4,16,143
48419,321.8052109,783,5,10,18,169
20109,321.6583274,784,0,0,0,8
29181,320.695553,787,0,1,1,95
37173,320.1024328,789,1,4,1,120
17113,320.0742068,790,1,73,84,770
51820,319.804355,791,0,11,9,88
48405,319.3066484,793,0,1,3,36
12101,319.0312554,795,12,107,304,3597
13185,318.8210705,797,5,44,97,901
48287,318.7394756,798,0,5,3,91
51800,318.4490482,799,2,30,52,357
12115,316.8309731,807,17,71,288,2741
48215,316.7907686,808,30,202,474,6465
13177,316.4665818,809,1,1,5,150
13285,315.6995351,813,5,15,76,706
20145,315.5931717,814,0,5,0,48
51590,314.6339758,816,3,14,54,424
29153,313.8075314,820,1,2,2,82
37159,313.0354316,823,3,26,129,1306
19153,312.8341713,824,8,147,280,3410
26149,311.6593399,829,0,61,7,256
47115,310.1430887,835,0,1,4,116
18163,309.2647107,838,8,56,199,1132
40137,307.2196621,847,3,19,19,441
17191,307.0069829,848,0,3,1,87
47161,306.8402934,849,1,1,3,61
13163,306.372549,850,0,1,17,121
48365,305.823209,852,0,7,8,208
48371,305.7909155,853,1,4,2,74
19193,305.4929991,855,3,36,46,709
31161,304.7038659,859,0,2,1,17
28151,303.896313,862,11,24,54,1242
39151,303.3838352,865,13,126,583,3773
29189,303.3619454,866,38,154,732,5444
48457,302.83265,871,1,9,1,130
18157,302.4853752,872,1,63,87,1032
48237,301.4402144,877,0,6,0,39
48329,300.3934825,879,5,22,54,700
13133,300.2267018,880,1,0,4,100
13297,299.6944749,882,21,27,42,817
47139,299.5805872,883,4,1,2,115
42113,299.1654858,885,0,1,0,44
48323,298.5768433,887,3,4,4,512
20171,297.9145978,890,0,3,0,16
20123,297.8990279,891,0,3,0,15
12129,296.563729,895,0,13,4,149
48357,296.1317786,896,0,0,0,35
18177,296.0540851,897,7,51,55,613
17121,295.1685568,903,0,12,15,292
47111,295.1411832,904,0,2,0,56
47165,294.869973,905,2,31,41,674
47133,294.4507361,907,1,3,2,119
26161,294.4331527,908,6,159,188,2339
28123,293.5663,915,1,4,17,153
37171,292.9500342,916,7,15,28,679
47135,292.2861863,919,0,1,1,33
22111,290.905836,925,0,1,2,86
13205,290.7355175,926,0,3,12,119
48445,290.3554893,928,0,3,7,80
5105,289.9951667,931,0,4,1,37
5113,289.1306478,939,1,9,3,214
19129,288.6680988,945,0,6,5,143
48459,288.3361749,947,1,11,11,345
30111,288.0087181,948,3,40,73,975
13201,286.5812542,951,0,1,1,27
29219,284.8571169,956,0,5,4,170
48129,283.9295855,960,0,0,0,12
17189,283.7763012,961,0,0,1,30
51690,283.5332606,962,1,6,7,77
37131,283.1229905,963,1,5,9,205
48279,283.1215971,964,1,1,5,119
13279,282.33051,967,3,8,14,235
26159,282.2874561,968,0,50,13,418
29159,281.9571141,970,0,6,16,497
12109,281.4254437,972,8,14,58,929
12133,280.214425,977,0,3,4,100
28163,279.7403436,979,1,7,16,252
18143,279.4927415,980,2,10,8,274
13159,279.3912212,981,0,4,0,75
19181,278.8575292,985,0,21,0,226
26105,276.1754938,998,2,33,1,147
40147,275.3165171,1006,2,15,16,375
8123,274.2924922,1008,6,61,89,971
37157,274.2767583,1009,7,14,51,1041
5149,274.0602019,1010,1,5,6,198
48451,274.0226525,1011,5,57,36,852
13199,273.1725697,1013,0,1,4,181
4023,272.515786,1017,0,5,4,91
37145,272.4310011,1019,0,14,14,378
6113,271.7590533,1023,0,71,162,1312
13269,271.7391304,1024,0,0,1,53
42123,271.4932127,1026,1,16,6,149
13271,271.2313905,1028,0,2,2,69
48217,269.9365362,1030,1,10,12,265
29187,268.8212641,1035,1,13,8,306
40153,268.6018567,1037,0,8,1,154
1111,268.4032208,1039,0,4,3,228
17193,268.0596605,1043,2,6,2,70
48167,267.9427085,1044,7,105,271,2049
40113,266.7389085,1051,1,18,20,358
40115,266.7080167,1052,0,4,5,207
29161,265.5835026,1056,1,13,11,223
18173,265.360612,1060,0,12,6,126
26115,265.3348939,1061,5,67,93,1044
29229,265.2519894,1062,1,2,1,102
13313,264.2187576,1064,3,19,38,780
29185,263.518499,1067,0,0,1,83
13321,263.0219342,1069,2,1,7,225
20107,262.7154267,1072,0,4,0,58
37185,262.454435,1074,2,6,6,211
48205,262.295082,1076,0,2,0,32
40135,262.0214469,1078,0,11,2,239
13187,261.9833107,1079,0,11,2,117
48427,261.446347,1081,2,9,10,349
19145,260.9304398,1086,0,3,2,99
26165,260.3767805,1089,0,29,7,139
47181,259.7555936,1091,1,2,0,46
27119,259.7484874,1093,1,32,3,129
18105,259.3594948,1095,4,49,54,941
26147,259.2401025,1097,3,51,56,791
12125,257.6638478,1107,1,1,7,64
29121,257.3340196,1108,0,1,0,111
17107,256.9750367,1110,0,11,7,164
47159,256.8942015,1111,0,6,4,135
42109,255.8635394,1116,0,10,11,134
1103,254.6186147,1117,2,16,86,1114
20191,254.33428,1119,0,8,3,172
5115,254.208835,1120,1,28,7,526
48181,254.1825701,1121,3,32,48,1013
5141,253.9570045,1124,1,3,0,63
48251,253.3821999,1128,5,64,49,937
29145,253.2075792,1129,3,27,15,455
36119,251.8574487,1133,20,73,915,1903
51650,251.6477809,1135,12,16,157,771
13149,250.9084617,1140,0,3,0,38
26123,249.9947918,1145,3,46,2,268
5125,249.991259,1146,0,21,40,775
47151,249.8296616,1147,2,4,1,171
26129,249.5996986,1148,0,15,3,148
42133,249.2226032,1149,17,104,303,1313
47145,248.8359379,1150,1,12,13,467
20207,248.3700714,1152,0,1,0,25
55101,248.1529525,1154,6,40,226,1430
37183,248.0783423,1156,21,167,814,5240
20139,247.8007682,1158,0,2,0,88
48157,247.560798,1161,8,88,417,3070
29177,247.4065715,1163,2,9,0,157
17131,247.249351,1164,1,4,3,68
13303,246.6627974,1165,1,1,10,132
5137,246.4033066,1168,0,5,0,60
40121,246.0684965,1174,0,29,17,449
13251,245.7865169,1175,1,1,12,99
48407,245.7551385,1176,0,1,8,274
13167,245.7254019,1177,0,1,3,62
29127,245.6407418,1179,1,5,10,200
40145,244.3857332,1183,2,16,24,378
32510,244.0828402,1187,0,0,14,298
29125,243.9565314,1189,0,2,1,44
48341,243.8914232,1190,1,8,2,103
27137,243.8416276,1192,2,64,106,1078
19103,242.8946139,1199,2,43,48,580
29115,242.5614489,1203,1,2,1,101
28113,242.4151547,1204,2,4,28,356
20149,242.3868494,1205,0,5,1,88
40117,242.2333919,1206,1,5,4,59
8109,241.6237113,1208,0,0,0,31
26133,240.7670149,1213,0,9,4,101
48363,240.2380867,1217,2,4,10,219
20161,240.0721543,1218,1,28,24,249
48161,239.2344498,1220,1,1,6,165
19119,239.0710383,1221,0,3,0,22
55105,238.8965963,1224,3,44,96,884
46135,237.9273881,1228,0,20,3,84
38103,237.7555873,1231,0,3,1,22
36105,237.3964651,1236,1,34,29,571
20133,237.3706634,1237,0,8,5,270
26101,237.2188139,1238,1,16,4,100
37179,236.8910865,1242,11,21,116,1330
4011,236.6255144,1245,0,2,1,66
17179,236.1534851,1247,3,36,36,653
20179,235.0176263,1253,0,4,0,12
39155,234.9328141,1254,5,43,168,2163
37193,234.7043739,1256,2,8,22,622
13213,234.2934271,1260,1,6,3,170
47175,232.8497224,1263,0,1,0,15
5025,232.5740475,1265,0,8,18,306
20101,232.5581395,1266,1,0,0,3
2180,232.5111201,1267,0,3,2,12
51570,232.5053873,1268,0,2,9,57
47105,231.9219791,1270,0,7,16,290
48253,231.6330127,1272,0,3,8,120
17137,230.9863975,1280,0,14,8,127
48133,230.2000548,1286,0,3,6,170
18167,229.012568,1289,6,38,90,1350
20181,228.9452167,1290,0,1,1,26
40119,228.9226722,1291,2,35,26,467
19179,228.8717471,1292,2,8,17,327
48257,228.4282662,1295,2,33,35,718
20203,228.1021898,1297,0,0,0,7
26155,227.8664731,1300,2,46,11,297
17105,227.8321898,1301,1,13,7,144
17119,226.7751894,1307,12,84,118,1413
20193,226.4720684,1308,0,6,2,34
19157,225.7943121,1312,0,6,2,74
48473,225.5988322,1314,5,13,19,286
37141,224.0936856,1320,1,11,14,206
13123,223.9406557,1323,0,6,0,127
51580,223.4444826,1325,1,0,1,26
13315,223.2142857,1326,0,5,1,59
20129,222.7171492,1329,0,1,0,7
22115,222.4080903,1330,1,14,5,63
26151,222.365684,1331,1,32,3,178
48443,221.4839424,1334,0,0,0,3
13135,221.22555,1335,39,198,807,4849
51840,220.4585538,1338,1,9,17,162
20165,219.7112367,1341,0,1,0,26
51167,219.360317,1342,1,8,3,124
48331,219.3073199,1343,2,1,6,145
48297,219.0949692,1345,0,4,1,84
13295,218.4814804,1348,0,8,31,518
51660,217.9200311,1350,1,17,24,152
29143,217.8056085,1351,2,1,3,27
1107,216.4836864,1357,5,2,1,74
17159,216.2897046,1359,0,10,1,51
48411,216.2341983,1361,1,0,0,9
18131,215.2687015,1368,0,1,1,42
21213,213.5671331,1373,1,11,12,149
48399,213.405762,1374,0,5,0,45
48189,212.5041942,1375,2,7,10,243
20111,211.8770516,1376,0,24,7,151
8115,211.8644068,1377,0,0,0,6
2130,211.2316993,1380,0,9,4,31
37133,210.0205161,1389,7,54,55,1321
51155,208.6533167,1394,1,8,11,218
48505,208.4781098,1395,0,1,1,73
37137,208.4459199,1396,0,1,3,57
40105,208.4320227,1397,0,1,1,53
51177,208.0912146,1400,2,36,61,236
48477,207.9245615,1401,1,5,9,175
21101,207.1331478,1408,1,23,39,231
27145,207.1114852,1409,6,87,58,442
26125,206.391478,1414,33,241,610,4787
39101,206.357636,1415,2,20,71,1283
8119,206.2298604,1417,0,5,0,52
17185,205.7436777,1418,0,2,0,46
48373,205.2849967,1420,0,24,12,357
46109,204.8580626,1424,0,0,0,16
40127,204.7538503,1425,0,5,0,79
42107,204.192758,1429,4,38,34,446
1115,203.9208416,1433,9,15,20,341
37123,203.1119655,1438,4,6,6,241
27115,202.7212754,1440,0,11,2,198
48449,202.5720512,1441,0,0,4,272
19177,201.7213556,1449,0,0,0,23
48209,201.6747526,1450,4,47,37,799
21145,200.3885396,1459,4,34,50,360
39139,200.3728248,1460,3,45,115,1833
17109,200.2217841,1461,0,18,2,141
51111,199.5689311,1463,0,1,1,44
27151,199.0362455,1465,0,7,0,40
21217,198.791026,1467,3,8,18,209
5145,198.7691602,1468,1,13,23,915
37125,198.7181587,1469,6,11,41,686
21117,198.5963407,1470,3,59,153,1110
21227,198.5300329,1471,6,51,81,838
6111,198.1848932,1472,21,100,617,3113
29207,198.1195433,1474,1,3,5,174
20121,197.9594944,1475,0,20,0,154
20205,197.693575,1476,0,2,1,65
19113,197.120924,1478,4,63,101,1288
19123,196.2796092,1481,0,4,1,121
42125,195.4794771,1483,5,49,91,731
20135,195.2489424,1484,0,1,0,5
6109,194.8992093,1488,0,15,16,468
26137,194.7863567,1489,0,20,2,87
39119,194.7648156,1490,3,35,55,647
51183,194.7502117,1492,1,2,5,39
4021,193.6814045,1500,0,6,6,265
48187,193.4587207,1501,2,67,31,601
48147,193.1132832,1503,4,18,3,180
5149,193.06981,1505,0,0,0,22
13193,192.7332429,1507,1,0,5,103
19197,192.7227875,1508,0,4,1,37
13227,192.6717144,1510,2,0,0,134
39141,192.5298421,1512,0,24,35,1006
48391,191.6495551,1516,0,1,2,22
26143,191.5549263,1518,0,16,2,130
13241,190.9454881,1523,1,0,1,136
27127,190.5487805,1526,0,9,1,44
5011,190.4998551,1527,0,8,17,320
48379,189.7876186,1534,0,7,0,53
55139,189.3347332,1536,0,28,24,675
48145,188.6468873,1540,1,4,4,70
31111,188.6216749,1541,0,22,8,151
37163,188.6204209,1542,6,6,27,883
48103,188.5606537,1543,0,1,0,13
48115,188.26937,1544,0,11,2,86
36113,188.2547408,1545,1,18,9,170
55113,187.7308787,1548,0,4,1,164
40111,187.6362899,1550,1,4,7,268
30107,187.4414246,1552,0,0,0,1
46101,187.3828857,1553,0,4,0,10
48207,187.2340426,1555,0,0,0,30
19135,187.2191712,1556,0,1,0,33
13311,187.0705472,1557,2,6,2,212
48467,186.7342467,1563,4,1,8,334
48327,186.2197393,1568,0,0,0,2
26117,185.4052769,1571,1,38,7,339
22103,184.8695803,1578,9,36,39,1003
39143,184.6983261,1580,0,5,16,353
51117,184.560555,1582,0,10,12,226
13151,184.248418,1584,5,39,123,1609
37105,184.1834534,1586,4,5,39,418
37143,183.810014,1589,2,2,7,119
20185,183.5283322,1590,0,1,0,27
48281,182.9690436,1592,0,11,2,87
8107,182.8775571,1594,1,8,4,55
5127,182.6484018,1595,0,4,1,118
17195,182.4278541,1598,0,24,8,248
38101,182.3797617,1599,0,25,6,127
17181,181.9939715,1605,1,0,0,40
46129,181.0282404,1611,0,2,1,10
17123,181.0252613,1612,0,2,1,48
26109,180.7406162,1614,0,14,2,158
13293,180.6820748,1615,1,6,16,269
48193,180.5054152,1616,0,2,2,59
20147,180.5054152,1617,0,0,0,7
13211,179.9673809,1619,0,3,9,104
37167,179.7641626,1620,0,11,22,537
40131,179.6864472,1621,0,32,11,313
37101,179.2467143,1623,0,28,54,1508
17117,179.1808874,1625,0,7,1,141
48267,178.5315778,1627,0,0,1,23
5133,178.5097317,1628,0,4,1,123
13191,178.4821875,1629,1,0,4,146
29225,178.2482312,1632,4,1,3,227
47171,176.9715739,1636,0,0,1,59
1117,176.8047801,1638,8,38,63,820
51790,176.5913758,1640,0,8,11,61
5021,176.5035796,1641,2,9,18,582
48283,176.4147103,1644,0,0,1,13
13265,176.1597181,1648,0,0,0,24
21173,176.1403251,1649,0,6,19,363
29221,174.7973939,1656,1,2,2,142
40103,174.7335314,1657,0,4,0,52
48223,174.3286939,1661,0,4,3,104
19147,174.1970604,1662,0,1,0,53
48483,173.882803,1664,0,1,0,14
13139,172.5745027,1672,7,36,96,923
51195,172.4605189,1673,4,12,12,235
48117,172.0811389,1677,0,1,6,98
18181,171.6668029,1679,3,1,6,36
26139,171.6165324,1680,2,160,38,1169
40149,171.2622024,1683,0,3,0,55
5137,170.6623324,1687,1,4,3,48
48339,170.4942731,1692,12,49,221,2349
2013,170.0510153,1696,1,5,0,43
55117,169.6803049,1697,5,25,23,408
48317,169.4277108,1700,0,1,0,14
17145,169.0501211,1702,0,5,0,62
29113,168.956554,1705,0,1,7,172
27109,168.8713763,1706,3,74,55,644
48285,168.5307186,1708,0,2,1,130
29175,168.40417,1710,0,3,8,122
2122,167.9878209,1713,0,3,4,61
51185,167.7890393,1714,2,14,7,288
19151,167.7383282,1715,0,4,0,23
46117,167.72895,1716,0,2,0,18
17197,167.6847351,1717,21,108,249,2416
51810,167.4548864,1719,21,57,327,1574
26135,167.0843776,1723,1,1,0,86
18117,166.8942497,1724,0,0,2,60
48325,166.6701829,1725,1,17,4,134
26157,165.8588725,1730,0,21,2,227
48255,165.7715006,1731,2,1,1,98
2275,165.6050955,1733,0,2,3,124
37151,165.5245937,1734,9,30,52,1210
51131,164.9484536,1737,0,4,7,76
51135,164.8386483,1738,2,4,5,54
51510,164.5488005,1741,0,9,139,284
26103,163.9586411,1747,2,38,2,188
21151,163.5705106,1749,1,23,60,833
13119,163.5694489,1750,0,4,6,133
21113,163.4345166,1752,2,19,30,536
29131,163.3986928,1754,0,4,1,190
40139,163.0360944,1756,0,6,6,77
18107,162.4014459,1761,1,7,6,275
37111,162.3629368,1762,0,6,9,488
5129,162.0341518,1765,1,1,0,19
29205,161.8908855,1767,0,4,0,12
40107,161.5900461,1769,1,0,0,126
48121,161.4985751,1770,10,156,331,3084
28105,161.0831311,1773,6,7,17,344
5127,161.03742,1774,1,2,4,117
51161,159.3173945,1784,2,21,14,317
17147,158.2182194,1792,0,8,1,66
26131,158.1777918,1793,0,4,0,22
36101,158.1348201,1794,0,40,15,348
5129,157.5630252,1795,0,4,4,210
30105,157.2739187,1797,0,4,0,9
13195,156.8236091,1804,0,3,7,193
48155,156.6170713,1805,0,0,0,1
13183,156.400385,1808,1,12,3,154
6105,156.1570494,1811,4,3,1,81
42129,155.6132514,1817,6,74,118,1000
48151,155.6016598,1818,0,0,0,34
22125,155.4001554,1820,0,7,2,38
37161,155.3258857,1823,1,5,14,863
13263,154.8946716,1826,1,0,3,29
36111,154.697842,1830,1,31,38,731
20153,154.4998069,1833,0,1,1,8
48191,154.3686323,1834,0,0,0,17
2100,154.3209877,1835,0,0,0,2
13131,154.2843579,1836,0,7,5,130
19133,153.4919417,1839,0,3,2,24
48199,153.382536,1840,3,7,12,192
13289,153.2838109,1841,0,0,4,59
48225,152.7650474,1843,1,0,1,131
48119,152.7300496,1844,0,0,1,66
8105,152.5036008,1845,2,1,5,72
26127,152.4099829,1846,3,16,3,149
29135,152.4003048,1847,0,3,6,63
12113,152.0832299,1849,0,25,27,597
37135,151.7612859,1851,5,16,60,1056
46115,151.2859304,1853,0,4,0,7
19175,150.9973774,1856,0,0,0,43
29139,150.4387798,1860,0,2,1,51
13223,150.3912896,1861,1,18,32,687
48265,150.1411327,1863,2,12,8,221
20117,149.970006,1865,0,1,0,44
28127,149.0909091,1870,0,1,5,133
13157,149.0727999,1871,0,11,9,242
51175,148.940865,1873,0,3,4,94
20113,148.8044912,1875,1,8,2,313
27113,148.7462813,1876,1,12,1,42
5147,148.4352451,1877,1,12,14,103
39149,148.3981135,1879,0,10,18,362
27153,147.6499057,1884,0,10,1,89
19125,147.3595573,1887,0,9,0,73
48503,147.2111662,1889,0,8,1,130
51153,146.8375211,1892,2,48,214,944
29157,146.8120805,1893,0,1,2,64
55129,146.627566,1896,0,4,0,63
48497,146.047687,1901,1,8,7,235
37175,145.8833541,1904,0,6,8,176
51173,145.3304688,1909,2,2,7,131
48313,145.1273492,1910,0,2,5,58
21141,145.1108796,1911,1,7,8,156
48403,144.7736705,1914,0,2,5,40
21161,144.6926728,1915,0,6,5,139
13207,144.5300919,1917,0,2,6,126
8111,144.5086705,1918,0,0,0,4
48143,143.7288819,1922,0,11,3,217
48491,143.0955343,1926,3,98,126,1402
48139,142.9707134,1928,6,11,44,722
42105,142.8816369,1929,1,10,0,89
19169,142.847867,1931,0,46,8,449
51179,142.5563646,1935,1,23,41,227
28115,142.4086481,1937,1,3,4,181
12119,141.9817666,1940,0,16,17,321
29195,141.9232754,1941,1,3,3,111
20197,141.8238548,1942,0,1,0,13
19115,141.8188264,1943,0,0,0,35
31149,141.7434444,1944,0,0,0,2
21107,141.5276408,1945,2,22,13,269
29101,141.097999,1949,2,7,9,280
36103,141.0913106,1950,23,52,745,4349
13137,140.8775982,1952,0,7,1,269
48429,140.586136,1955,0,4,0,41
5019,139.8652876,1962,0,13,0,174
39145,139.4700139,1967,0,15,49,770
55111,139.3242773,1969,1,21,7,225
13281,139.2628354,1970,0,0,1,38
51105,138.9716101,1972,1,1,11,115
21239,138.4767557,1974,0,12,7,186
36117,138.4187817,1975,1,20,17,431
29183,138.1544599,1977,4,36,65,825
48465,137.7948707,1980,1,0,10,207
48387,136.3271852,1995,0,1,3,105
48389,136.0544218,1999,2,0,3,44
5113,135.6122113,2002,5,31,118,288
27131,135.2826331,2005,0,17,18,248
18125,134.0376882,2008,1,0,0,37
48175,133.9584729,2009,0,3,2,39
28147,133.949501,2010,1,2,2,83
40129,133.5826877,2012,0,0,1,3
21183,133.4000334,2016,3,7,1,132
48337,133.3128237,2017,0,4,2,109
2220,133.037694,2018,0,1,1,17
21221,132.9322046,2020,0,4,2,55
48275,132.7316167,2022,0,0,0,7
18165,132.2584708,2028,0,1,1,53
8103,132.2168356,2029,0,1,1,15
48307,132.0528211,2030,0,0,0,57
48455,132.0086153,2031,1,1,1,71
42111,131.9916362,2033,2,11,8,209
55107,131.9902744,2034,0,2,1,40
37109,131.6779533,2035,3,7,16,649
51830,131.5270288,2036,0,2,8,37
20141,130.9586171,2039,0,1,0,23
51685,130.0390117,2044,0,1,1,20
37189,129.8403727,2045,1,4,6,201
5023,129.8066387,2047,1,21,9,358
47187,129.7127717,2050,2,24,28,372
8117,129.1493595,2056,1,17,2,68
21211,128.9126108,2058,2,8,20,320
48221,128.5322748,2061,1,3,3,171
42121,127.9982192,2063,3,22,5,125
20131,127.9401634,2064,0,1,0,23
42115,127.7018399,2067,2,21,16,210
20199,127.4697259,2069,0,2,0,0
48163,127.3180183,2071,0,2,4,146
51147,127.1818262,2073,1,9,6,81
13309,126.4382349,2079,0,1,1,23
5141,126.0126013,2082,10,57,149,1679
51139,125.9392973,2083,2,6,7,112
13243,125.052105,2088,0,0,2,39
48235,124.0694789,2092,0,0,0,16
29211,124.0694789,2093,0,1,0,29
51199,123.7380978,2096,0,2,15,129
42103,123.6945804,2097,0,17,17,429
48239,123.3637174,2099,0,0,0,47
48499,122.9140075,2101,1,4,3,268
5133,122.8752816,2102,1,9,7,90
48501,122.1896383,2107,1,5,4,55
21157,122.1589996,2109,0,11,5,180
36115,122.0420649,2110,6,11,7,233
27167,122.0070154,2111,0,2,2,30
20127,121.9299774,2112,0,1,0,55
37177,121.6841081,2115,0,1,2,10
51121,121.6127725,2116,0,29,16,341
26111,121.5457763,2118,2,47,7,208
29117,121.0409522,2120,0,3,2,87
51109,120.7836206,2121,1,7,2,83
36121,120.3919963,2122,0,5,6,76
29147,120.3731568,2123,1,3,4,67
42127,120.2762474,2125,2,21,6,263
21235,120.2259129,2126,2,7,10,231
51191,120.2032528,2127,2,16,4,241
13109,120.0036924,2129,0,0,3,53
51141,119.7735192,2131,0,2,5,66
19195,119.3475666,2136,0,1,0,45
21199,118.9228097,2140,3,20,21,500
5143,118.4834123,2141,0,1,0,42
40133,117.9894596,2146,2,6,4,271
13249,117.9013559,2148,0,0,0,16
5115,117.7075441,2151,2,7,2,132
5131,117.6790079,2152,2,14,8,176
55127,117.5384914,2154,1,9,12,287
13219,117.5260761,2155,0,0,4,61
54103,117.2549988,2157,0,0,1,62
51171,117.1399119,2159,0,6,6,187
28159,117.0960187,2161,1,3,4,37
13319,116.6242578,2165,0,1,1,50
18149,116.3943613,2167,0,2,0,34
18103,116.2147205,2169,0,3,6,108
27105,115.6497201,2174,0,2,3,56
27161,115.1953084,2179,0,6,3,80
5145,115.1631478,2180,0,0,0,2
19137,115.1189563,2182,0,3,0,57
48367,114.4805548,2187,3,12,15,621
13145,113.278021,2196,0,1,2,82
42117,113.0395874,2198,0,8,1,221
27149,112.9943503,2199,0,5,1,20
26113,112.9493057,2200,2,5,0,67
51127,112.7800277,2202,0,3,1,107
5027,112.3655626,2206,2,11,5,383
21179,112.2586439,2209,1,14,13,249
37113,112.2367605,2210,1,3,6,215
39129,111.8925831,2211,1,11,19,725
31127,111.7786782,2212,0,6,0,10
48165,110.9877913,2220,2,3,2,59
55137,110.9786674,2221,0,8,2,85
21159,110.6981893,2224,0,1,2,40
48369,110.3863522,2226,0,2,1,29
20159,109.879133,2228,0,1,1,45
37115,109.4091904,2230,3,2,3,123
27139,109.3039524,2231,0,37,16,302
19161,109.224506,2232,0,3,2,25
46123,109.1305929,2233,0,0,0,7
55135,109.0178828,2235,0,9,5,237
27141,108.6980634,2238,0,23,10,228
27159,108.6641553,2239,0,7,0,32
48259,108.563258,2240,1,18,4,118
31137,108.5422772,2241,0,5,0,16
2063,108.3423619,2242,1,0,0,8
18175,107.9913607,2244,0,0,1,5
51193,107.8809902,2245,1,3,0,38
27165,107.748945,2246,0,3,0,24
46125,107.6426265,2249,0,0,0,23
51735,107.4025116,2250,0,0,2,25
39163,105.4534498,2261,2,3,2,141
18127,105.0691355,2267,5,18,19,561
48305,104.8401188,2270,0,1,0,29
17111,104.7464453,2271,1,74,37,596
29123,104.5772665,2272,0,1,1,30
29223,104.4464339,2273,0,1,0,51
31151,104.0510544,2277,0,3,2,89
20157,103.7344398,2280,0,0,0,11
29107,103.2085724,2283,2,4,2,173
29137,102.5757921,2287,0,2,0,24
18159,102.2364217,2290,0,1,0,97
51197,102.2355507,2291,0,2,6,23
48397,102.0587718,2292,1,10,6,261
51125,101.4267361,2294,0,1,1,75
19167,101.3112571,2297,0,3,1,61
48493,101.2814303,2298,3,6,3,143
29165,100.7394706,2301,2,6,5,143
27111,100.7276706,2302,1,15,3,252
48149,100.7211635,2303,1,2,3,90
20195,100.6711409,2305,0,2,0,8
17157,100.3344482,2307,0,4,2,62
42131,99.98928686,2310,0,7,1,99
31145,99.94548428,2311,0,4,1,50
51720,99.57679861,2314,0,0,0,10
17177,98.41677364,2319,2,9,15,283
47137,98.23182711,2320,0,2,0,11
17103,97.53858512,2325,2,11,2,158
29215,97.51911375,2326,1,3,0,156
51169,97.17314488,2328,0,8,3,105
21193,96.39414495,2333,0,5,8,92
2185,96.16494211,2334,0,10,1,141
21191,96.08785175,2338,0,2,3,81
21219,95.97696553,2339,0,2,3,71
29227,95.6937799,2343,0,1,0,15
51187,95.60970568,2344,0,13,6,101
5117,95.53379508,2345,1,1,0,17
48359,95.14747859,2348,0,0,0,4
17169,94.0354648,2355,0,0,0,7
27103,93.84838944,2358,0,12,4,79
5135,93.84714646,2359,0,3,1,73
48159,93.80863039,2360,0,2,1,45
21167,93.68120287,2361,0,4,7,118
39135,93.45346497,2364,2,7,1,271
27147,93.24009324,2367,0,7,1,118
26141,91.86954525,2376,0,1,0,48
37199,91.08505067,2380,1,1,1,88
51133,90.16393443,2386,1,2,0,9
13103,89.98090201,2387,1,16,10,193
51115,89.91794987,2388,0,3,0,19
21155,89.7979546,2390,0,7,1,99
51163,89.6579549,2391,0,1,2,121
55131,89.64961315,2392,2,10,21,309
48289,89.59503046,2393,1,4,1,94
48385,89.55223881,2394,2,0,0,3
51137,89.36550492,2395,1,7,4,56
19101,89.23259964,2396,1,1,1,76
21125,88.98141464,2398,3,9,20,329
20137,88.93632159,2399,0,2,0,16
55115,88.85046707,2400,1,10,1,239
51610,88.83624519,2401,1,1,7,14
48243,88.77052818,2402,0,0,1,4
5123,87.87346221,2408,0,3,1,75
51600,87.59854837,2411,0,4,7,24
48125,87.29812309,2413,0,0,0,9
39115,87.22490607,2414,0,1,0,50
27155,87.08272859,2415,0,1,0,8
5135,87.00599003,2416,0,5,3,90
51101,86.97272784,2417,0,1,0,39
39173,86.64438668,2419,1,29,19,464
21225,86.49943443,2420,0,4,0,47
31101,86.10086101,2422,0,2,3,15
51149,85.89912222,2424,0,5,8,91
21139,85.47921787,2427,0,4,0,34
13117,85.46352447,2428,0,15,10,395
39105,85.12087164,2429,1,6,5,177
31119,85.0388344,2431,0,18,0,131
39165,84.86601664,2434,0,38,46,797
19109,84.8508583,2435,0,1,0,53
17175,84.64533604,2437,0,0,0,24
18137,84.45054365,2438,1,4,1,113
51107,84.36308729,2439,3,59,52,350
13169,84.00714061,2444,1,2,3,150
46107,83.54218881,2446,0,0,0,0
39103,83.46911357,2448,4,19,15,290
13291,83.46471297,2449,0,0,1,96
48107,83.45852112,2450,0,1,1,27
51113,83.33333333,2451,1,4,1,17
28121,83.12495316,2455,3,22,14,538
36109,82.99796365,2457,0,10,33,294
39133,82.99666793,2458,0,16,48,872
31125,82.80430582,2459,0,1,0,10
20143,82.75405495,2460,0,1,1,22
18139,82.33356857,2462,0,5,2,125
48431,82.03445447,2463,0,0,0,1
27169,81.98001249,2464,0,6,8,123
31105,81.03727715,2472,0,0,0,1
2195,80.70458613,2474,0,5,3,77
5109,80.52250157,2476,0,1,1,34
29163,80.34709947,2477,0,1,0,77
51157,80.23535705,2479,0,3,0,2
48173,79.93605116,2485,0,0,0,3
5015,79.78617306,2486,0,2,0,51
36123,79.50389569,2489,0,6,0,111
48171,78.8736838,2494,0,5,4,60
13141,78.83770695,2495,0,0,2,42
18101,78.74015748,2497,0,0,0,26
17101,78.51189757,2498,1,1,0,33
29173,78.49293564,2499,0,0,0,47
13113,78.43861025,2500,3,7,21,286
37149,78.38910391,2503,0,7,1,100
8113,78.14535035,2504,0,0,0,8
18111,78.08617875,2505,0,0,0,74
28131,77.70870337,2507,0,3,0,45
27135,77.31958763,2510,1,4,0,9
39161,77.304192,2511,0,4,1,181
31169,77.08614377,2513,0,0,0,27
20163,77.07129094,2514,1,1,0,10
51165,75.89302942,2519,0,13,4,204
19189,75.80064431,2521,0,1,1,13
21121,75.49543882,2522,0,5,8,217
48435,74.8876685,2526,0,0,1,4
26119,74.86631016,2527,0,2,0,36
51530,74.8502994,2529,0,1,0,3
31157,73.27399045,2540,0,6,3,137
27121,73.17965606,2541,0,2,0,28
28135,72.93946025,2543,0,0,10,27
21231,72.54086469,2545,1,2,5,83
21147,72.26638501,2547,0,3,7,65
39169,72.12938099,2548,2,30,18,550
51103,71.76175099,2549,1,4,0,23
39117,71.36128793,2553,2,7,4,260
42119,71.32190697,2554,1,10,5,138
19141,71.20478496,2555,0,0,0,55
21181,71.03281716,2556,0,1,1,24
31141,70.75834487,2557,0,7,2,87
27101,70.31524669,2558,0,2,0,20
27173,69.01311249,2567,0,0,0,11
8125,68.95872328,2569,2,3,0,7
21129,68.87052342,2570,0,2,1,17
29197,68.83891693,2571,0,0,0,6
55109,68.66053765,2572,1,8,3,175
39167,68.5043223,2575,0,12,4,283
31135,68.46970216,2576,0,2,0,4
21115,68.23318692,2580,2,3,4,77
31129,67.98096533,2582,0,0,0,6
27163,67.72018183,2583,2,39,25,926
55121,67.60868095,2584,0,11,2,68
17139,67.22237161,2587,0,2,0,32
28141,66.5676686,2594,1,4,1,48
40151,66.36434023,2595,0,0,0,20
29151,65.75102279,2599,0,1,0,59
36107,65.68079135,2602,0,0,7,148
21163,65.04621705,2607,0,3,4,111
51119,65.04367218,2608,0,4,0,19
39109,64.7724746,2611,1,17,35,561
2170,64.08101521,2613,0,4,8,77
21205,63.75653504,2615,0,6,4,66
47127,63.48198699,2616,0,0,0,20
39131,63.45401347,2617,3,3,5,88
21105,63.22444679,2619,0,0,0,11
27171,63.04973924,2620,0,12,8,233
13267,62.68118781,2622,0,2,2,129
48447,62.5,2623,0,0,0,1
5101,62.00396825,2627,0,5,0,12
55133,61.95362111,2629,4,38,48,746
13231,61.81164307,2630,0,3,2,44
29199,60.96321886,2633,0,0,0,24
13189,60.28286575,2636,1,1,1,107
48229,60.27727547,2637,0,0,0,11
28155,60.07810153,2638,0,0,1,13
13283,59.59475566,2643,0,0,0,26
19159,59.14826498,2644,0,0,0,3
29111,59.10165485,2646,0,1,1,35
5125,58.91710364,2650,0,1,2,56
18113,58.86062645,2651,0,7,2,145
5017,58.79301401,2652,1,7,1,192
17203,58.56440812,2654,0,3,1,66
18121,58.13277526,2659,0,2,1,17
48425,57.75005775,2663,0,0,0,48
21127,56.76084763,2669,0,1,0,56
21215,56.69898509,2670,0,4,2,53
21207,56.33168094,2671,0,2,3,49
21197,56.02689291,2672,0,1,1,85
5119,55.85392052,2674,1,8,2,231
31153,55.51257596,2675,1,37,22,331
28139,54.33798225,2686,0,0,1,53
51145,53.08043455,2694,0,1,2,67
48137,53.07855626,2695,0,0,0,6
28109,52.65833818,2702,0,3,9,141
19149,52.0895941,2706,2,3,0,52
39125,51.93725979,2708,0,3,1,63
18153,51.83056118,2710,3,1,0,64
39107,51.4907807,2713,1,9,1,133
13259,51.12474438,2718,0,0,1,16
21229,50.52631579,2723,0,1,1,39
31185,50.42137866,2725,0,2,4,47
21123,49.77246871,2726,0,1,1,37
51143,49.65879601,2728,2,6,8,209
55123,49.45761482,2729,0,5,0,59
21137,49.24086992,2731,1,2,4,55
31147,49.23076923,2732,0,0,0,9
29103,49.17629702,2733,0,0,0,15
39157,48.55835635,2734,1,8,10,275
19107,48.40739665,2736,0,0,0,7
21177,48.10930434,2737,0,5,1,53
21185,48.10467577,2738,1,8,6,235
39171,48,2740,0,7,1,139
18171,47.53416518,2742,0,0,0,0
31159,46.81373983,2747,0,4,0,25
21153,46.33204633,2753,1,1,0,20
13197,46.2962963,2755,0,0,0,18
48299,46.28677227,2756,0,1,0,134
18123,46.01697515,2757,2,2,0,35
18109,45.85709782,2759,1,5,4,175
20187,45.57885141,2763,0,0,0,1
21223,45.37205082,2764,0,1,0,6
18133,45.32728969,2765,2,5,0,98
17173,45.21000045,2766,0,0,0,46
17133,44.78547756,2770,0,8,0,48
18145,44.71372041,2771,0,2,2,138
39137,44.00375499,2774,1,6,2,41
48109,43.91743522,2775,0,0,1,4
17141,43.9056982,2776,1,1,1,106
18151,43.65795448,2778,2,4,6,174
21135,43.45936549,2780,0,2,0,43
5117,43.32755633,2782,1,0,1,7
18147,42.97173415,2785,5,5,0,2
5013,42.93688278,2786,0,0,0,32
5147,42.42081448,2789,0,1,1,8
21149,42.12299916,2790,0,1,0,21
18183,42.04961855,2791,0,2,1,27
27157,41.97173903,2793,0,2,1,39
20115,40.91987888,2802,0,0,0,35
31123,40.74979625,2803,0,0,0,6
22107,40.74979625,2804,0,0,0,7
55141,40.56301464,2805,1,7,10,269
46127,40.46125835,2806,0,0,0,18
39175,40.09444469,2809,0,3,1,29
27129,39.56217856,2813,0,2,0,31
39147,39.34613871,2815,0,4,6,207
18129,39.23722828,2817,0,1,3,107
19121,38.83997929,2820,0,1,0,45
48247,38.13155386,2827,1,0,0,2
21133,38.10491553,2829,1,3,1,62
31131,38.09040122,2830,0,2,1,42
21195,37.86683496,2831,2,7,5,101
21171,37.449677,2832,0,1,0,8
19131,37.3517602,2833,0,1,0,27
21203,35.94320973,2843,0,1,2,93
20201,35.53028957,2847,0,1,0,3
21143,35.49875754,2848,0,1,0,18
46137,35.2858151,2849,0,0,0,3
31177,34.61405331,2853,0,2,2,20
17155,34.47681434,2855,0,2,0,11
20189,34.38789546,2857,0,0,0,1
55119,33.9640951,2858,0,5,0,55
19105,33.96244724,2859,0,0,0,39
31155,33.44641407,2864,0,1,1,36
13209,33.25573661,2865,0,2,0,4
5111,32.77613897,2867,0,0,1,34
55125,32.75926619,2868,0,1,1,62
31179,31.87759005,2871,0,0,0,5
51775,31.62180323,2873,0,0,5,75
39123,31.58943455,2874,0,1,5,152
48413,31.19151591,2876,0,0,0,9
39127,30.55810206,2879,0,2,2,48
21233,29.73535534,2882,0,1,0,23
48461,29.65599051,2883,0,0,0,6
48417,29.62962963,2885,1,0,0,8
37103,29.36857562,2886,0,0,1,4
19191,28.57959417,2890,0,3,0,9
18155,28.50085503,2891,0,1,0,2
5121,28.26136107,2893,0,0,0,40
55103,28.22148219,2894,0,0,0,12
31139,27.97202797,2895,0,0,0,6
48383,27.77006387,2896,0,0,0,9
21237,27.59381898,2898,0,1,0,20
39111,27.42543709,2899,0,2,0,42
31181,27.11496746,2900,0,0,0,9
29129,27.06359946,2901,0,0,0,7
20183,26.98327037,2902,0,0,1,2
21103,25.89834898,2904,0,1,0,24
18179,25.16718199,2906,0,2,0,118
17149,24.76780186,2907,0,3,1,15
39159,24.38749859,2908,0,6,1,65
48319,24.2248062,2910,0,0,0,7
18135,23.41280681,2915,0,0,0,134
21175,22.42152466,2921,0,0,0,8
21109,22.34304014,2922,0,1,0,29
28145,21.61850544,2926,0,0,2,90
27117,21.57497303,2927,0,0,0,17
21189,21.486893,2928,0,0,0,8
48333,20.37905034,2932,0,0,0,14
21169,20.0340579,2934,0,1,0,32
18119,18.86703457,2938,0,4,0,2
21119,18.77816725,2939,0,1,0,19
21187,18.75820672,2940,0,1,0,57
21131,18.15046737,2943,0,1,0,6
28111,16.486687,2945,0,0,1,7
31167,16.30523398,2946,0,0,0,7
19173,16.23113131,2948,0,0,0,4
21165,15.90330789,2949,0,1,0,11
17129,15.86420243,2950,0,1,0,25
19185,15.62011871,2951,0,0,0,6
5121,14.84780995,2953,0,0,1,17
51678,13.94700139,2955,0,0,0,37
48377,13.88696014,2956,0,0,0,5
37121,13.0480167,2960,0,0,2,8
18169,12.36170344,2961,0,3,0,16
31107,11.67542323,2964,0,0,0,6
51159,11.16944041,2965,0,0,0,9
19165,8.360504975,2969,0,0,0,1
48351,7.072135785,2972,0,0,0,23
2290,0,2978,0,0,0,0
27143,0,2981,0,0,0,0
21201,0,2985,0,0,0,0
28119,0,2987,0,0,0,0
31171,0,2991,0,0,0,0
31175,0,2992,0,0,0,0
1105,0,2996,0,0,0,0
2282,0,3000,0,0,0,0
31165,0,3002,0,0,0,0
28129,0,3003,0,0,0,0
2164,0,3006,0,0,0,0
27107,0,3009,0,0,0,0
39121,0,3010,0,0,0,0
30103,0,3016,0,0,0,0
31115,0,3020,0,0,0,0
31103,0,3035,0,0,0,0
48269,0,3039,0,0,0,0
28153,0,3040,0,0,0,0
28125,0,3041,0,0,0,0
28157,0,3042,0,0,0,0
13125,0,3043,0,0,0,0
31113,0,3044,0,0,0,0
28161,0,3048,0,0,0,0
13165,0,3050,0,0,0,0
31117,0,3051,0,0,0,0
17151,0,3053,0,0,0,0
2240,0,3054,0,0,0,0
20105,0,3055,0,0,0,12
46111,0,3056,0,0,0,0
48345,0,3062,0,0,0,10
31163,0,3065,0,0,0,6
31133,0,3066,0,0,0,3
17171,0,3075,0,0,0,9
29171,0,3077,0,0,0,8
48197,0,3079,0,0,0,48
30101,0,3080,0,0,0,14
28103,0,3081,0,0,0,6
31121,0,3082,0,0,0,5
28117,0,3083,0,0,0,3
48169,0,3084,0,0,0,19
31143,0,3093,0,0,0,11
48105,0,3097,0,0,0,0
48295,0,3098,0,0,0,3
27125,0,3100,0,0,0,0
31183,0,3101,0,0,0,0
48301,0,3104,0,0,0,0
46119,0,3109,0,0,0,0
31173,0,3113,0,0,0,0
18161,0,3114,0,0,0,0
46121,0,3115,0,0,0,0
48271,0,3116,0,0,0,2
30109,0,3118,0,0,0,2
19143,0,3121,0,0,0,3
48421,0,3122,0,0,0,4
46105,0,3123,0,0,0,2
48101,0,3131,0,0,0,3
18115,0,3132,0,0,0,2
28101,0,3133,0,0,0,4
4025,0,3135,0,0,0,1
